{
    "18": {
        "time": 0.2163229783376058,
        "time-solving": 0.0,
        "time-grounding": 0.1608583132425944,
        "per-domain-grounding": {
            "0": 0.004014333089192708,
            "18": 0.010312477747599283
        },
        "per-domain-solving": {}
    },
    "20": {
        "time": 0.23884264628092447,
        "time-solving": 0.0,
        "time-grounding": 0.18993028004964194,
        "per-domain-grounding": {
            "0": 0.00406646728515625,
            "20": 0.010192950566609701
        },
        "per-domain-solving": {}
    },
    "22": {
        "time": 0.2578718662261963,
        "time-solving": 0.0,
        "time-grounding": 0.2050804297129313,
        "per-domain-grounding": {
            "0": 0.0037953058878580728,
            "22": 0.012602011362711588
        },
        "per-domain-solving": {}
    },
    "24": {
        "time": 0.2875220775604248,
        "time-solving": 0.0,
        "time-grounding": 0.2329420248667399,
        "per-domain-grounding": {
            "0": 0.003541866938273112,
            "24": 0.011258522669474283
        },
        "per-domain-solving": {}
    }
}