{
    "13": {
        "time": 0.6569851239522299,
        "time-solving": 0.1880343755086263,
        "time-grounding": 0.4365171591440837,
        "size": 31,
        "domain_size": 31,
        "per-domain-grounding": {
            "0": 0.0009819666544596355,
            "31": 0.03494596481323242
        },
        "per-domain-solving": {
            "31": 0.019326051076253254
        }
    },
    "14": {
        "time": 0.7901212374369303,
        "time-solving": 0.2435464859008789,
        "time-grounding": 0.505602757136027,
        "size": 33,
        "domain_size": 33,
        "per-domain-grounding": {
            "0": 0.0009630521138509115,
            "33": 0.040171305338541664
        },
        "per-domain-solving": {
            "33": 0.034658193588256836
        }
    },
    "15": {
        "time": 0.9523223241170248,
        "time-solving": 0.31485168139139813,
        "time-grounding": 0.5975966453552246,
        "size": 35,
        "domain_size": 35,
        "per-domain-grounding": {
            "0": 0.0009802182515462239,
            "35": 0.04446570078531901
        },
        "per-domain-solving": {
            "35": 0.06241631507873535
        }
    },
    "16": {
        "time": 1.0769202709197998,
        "time-solving": 0.33802103996276855,
        "time-grounding": 0.6963934103647867,
        "size": 37,
        "domain_size": 37,
        "per-domain-grounding": {
            "0": 0.000957647959391276,
            "37": 0.05034772555033366
        },
        "per-domain-solving": {
            "37": 0.038580099741617836
        }
    },
    "17": {
        "time": 1.282373587290446,
        "time-solving": 0.43205459912618,
        "time-grounding": 0.802489439646403,
        "size": 39,
        "domain_size": 39,
        "per-domain-grounding": {
            "0": 0.0009709993998209635,
            "39": 0.05659349759419759
        },
        "per-domain-solving": {
            "39": 0.07905697822570801
        }
    },
    "18": {
        "time": 1.5367897351582844,
        "time-solving": 0.5528093973795573,
        "time-grounding": 0.9256316820780436,
        "size": 41,
        "domain_size": 41,
        "per-domain-grounding": {
            "0": 0.00096893310546875,
            "41": 0.06280740102132161
        },
        "per-domain-solving": {
            "41": 0.14669052759806314
        }
    }
}