{
    "8": {
        "time": 0.7444242636362711,
        "time-solving": 0.2234161694844564,
        "time-grounding": 0.4543350537618001,
        "size": 21,
        "domain_size": 32,
        "per-domain-grounding": {
            "0": 0.0012282530466715496,
            "32": 0.03626410166422526
        },
        "per-domain-solving": {
            "32": 0.04066785176595052
        }
    },
    "9": {
        "time": 1.0439830621083577,
        "time-solving": 0.36087918281555176,
        "time-grounding": 0.6155614058176676,
        "size": 28,
        "domain_size": 36,
        "per-domain-grounding": {
            "0": 0.0009661515553792318,
            "36": 0.04470634460449219
        },
        "per-domain-solving": {
            "36": 0.10130190849304199
        }
    },
    "10": {
        "time": 1.6015496253967285,
        "time-solving": 0.6721369425455729,
        "time-grounding": 0.8445730209350586,
        "size": 25,
        "domain_size": 40,
        "per-domain-grounding": {
            "0": 0.0009813308715820312,
            "40": 0.059606313705444336
        },
        "per-domain-solving": {
            "40": 0.24627923965454102
        }
    },
    "11": {
        "time": 1.8358519872029622,
        "time-solving": 0.6485860347747803,
        "time-grounding": 1.0971022446950276,
        "size": 27,
        "domain_size": 44,
        "per-domain-grounding": {
            "0": 0.0009659926096598307,
            "44": 0.0716993014017741
        },
        "per-domain-solving": {
            "44": 0.1482116381327311
        }
    }
}