{
    "20": {
        "time": 1.7514665921529133,
        "time-solving": 0.0,
        "time-grounding": 0.4303651650746663,
        "size": 0,
        "domain_size": 31,
        "per-domain-grounding": {
            "0": 0.0012170473734537761,
            "31": 0.03280941645304362
        },
        "per-domain-solving": {}
    },
    "22": {
        "time": 3.3421335220336914,
        "time-solving": 0.0,
        "time-grounding": 0.5935546557108561,
        "size": 0,
        "domain_size": 35,
        "per-domain-grounding": {
            "0": 0.0009917418162027996,
            "35": 0.04415543874104818
        },
        "per-domain-solving": {}
    },
    "24": {
        "time": 4.6527419090271,
        "time-solving": 0.0,
        "time-grounding": 0.8208090464274088,
        "size": 0,
        "domain_size": 39,
        "per-domain-grounding": {
            "0": 0.000995635986328125,
            "39": 0.05723166465759277
        },
        "per-domain-solving": {}
    },
    "25": {
        "time": 6.415819724400838,
        "time-solving": 0.0,
        "time-grounding": 0.9467685222625732,
        "size": 0,
        "domain_size": 41,
        "per-domain-grounding": {
            "0": 0.0009837150573730469,
            "41": 0.0614928404490153
        },
        "per-domain-solving": {}
    },
    "26": {
        "time": 7.932531674702962,
        "time-solving": 0.0,
        "time-grounding": 1.05705722173055,
        "size": 0,
        "domain_size": 43,
        "per-domain-grounding": {
            "0": 0.0009889602661132812,
            "43": 0.07319355010986328
        },
        "per-domain-solving": {}
    }
}