{
    "50": {
        "time": 4.125673055648804,
        "time-solving": 4.07853102684021,
        "time-grounding": 0.01166677474975586,
        "timeout": 0,
        "size": 2,
        "domain_size": 2,
        "per-domain-grounding": {
            "0": 0.0014467239379882812,
            "1": 0.004870891571044922,
            "2": 0.005349159240722656
        },
        "per-domain-solving": {
            "1": 1.1379573345184326,
            "2": 2.9405736923217773
        }
    },
    "60": {
        "time": 4.239256858825684,
        "time-solving": 4.195276260375977,
        "time-grounding": 0.011610031127929688,
        "timeout": 0,
        "size": 2,
        "domain_size": 2,
        "per-domain-grounding": {
            "0": 0.0013988018035888672,
            "1": 0.004802227020263672,
            "2": 0.0054090023040771484
        },
        "per-domain-solving": {
            "1": 1.212536096572876,
            "2": 2.9827401638031006
        }
    },
    "70": {
        "time": 120.0,
        "time-solving": 102.61532258987427,
        "time-grounding": 0.14712810516357422,
        "timeout": 1,
        "size": 0,
        "domain_size": 11,
        "per-domain-grounding": {
            "0": 0.0014820098876953125,
            "1": 0.004988908767700195,
            "2": 0.005315065383911133,
            "3": 0.006093025207519531,
            "4": 0.007246971130371094,
            "5": 0.008471012115478516,
            "6": 0.01061701774597168,
            "7": 0.013145208358764648,
            "8": 0.016220808029174805,
            "9": 0.01926708221435547,
            "10": 0.023986101150512695,
            "11": 0.03029489517211914
        },
        "per-domain-solving": {
            "1": 1.144590139389038,
            "2": 2.889147996902466,
            "3": 4.736685752868652,
            "4": 6.594192028045654,
            "5": 8.67510437965393,
            "6": 10.786346197128296,
            "7": 13.010498046875,
            "8": 15.57926082611084,
            "9": 18.122308015823364,
            "10": 21.077189207077026
        }
    }
}