{
    "50": {
        "time": 6.344655990600586,
        "time-solving": 4.52543568611145,
        "time-grounding": 1.772838830947876,
        "timeout": 0,
        "size": 2,
        "domain_size": 2,
        "per-domain-grounding": {
            "0": 0.0014259815216064453,
            "1": 0.9753139019012451,
            "2": 0.7960989475250244
        },
        "per-domain-solving": {
            "1": 2.2400870323181152,
            "2": 2.285348653793335
        }
    },
    "60": {
        "time": 6.217175006866455,
        "time-solving": 4.460790395736694,
        "time-grounding": 1.7113192081451416,
        "timeout": 0,
        "size": 2,
        "domain_size": 2,
        "per-domain-grounding": {
            "0": 0.0014400482177734375,
            "1": 0.9343171119689941,
            "2": 0.775562047958374
        },
        "per-domain-solving": {
            "1": 2.1900007724761963,
            "2": 2.270789623260498
        }
    },
    "70": {
        "time": 60.65558981895447,
        "time-solving": 49.41161251068115,
        "time-grounding": 10.07027292251587,
        "timeout": 0,
        "size": 12,
        "domain_size": 12,
        "per-domain-grounding": {
            "0": 0.0014827251434326172,
            "1": 0.929373025894165,
            "2": 0.789557933807373,
            "3": 0.7908458709716797,
            "4": 0.8310205936431885,
            "5": 0.7764248847961426,
            "6": 0.7847261428833008,
            "7": 0.7723519802093506,
            "8": 0.8570618629455566,
            "9": 0.8147039413452148,
            "10": 0.8745720386505127,
            "11": 0.9256720542907715,
            "12": 0.9224798679351807
        },
        "per-domain-solving": {
            "1": 2.181778907775879,
            "2": 2.400242567062378,
            "3": 2.5534238815307617,
            "4": 2.7558321952819824,
            "5": 3.1620419025421143,
            "6": 3.272111415863037,
            "7": 3.828423261642456,
            "8": 4.280581951141357,
            "9": 4.508210897445679,
            "10": 5.532986879348755,
            "11": 7.566361904144287,
            "12": 7.369616746902466
        }
    }
}