WCTIME,CPUTIME,USERTIME,SYSTEMTIME,CPUUSAGE,MAXVM,MAXMM,MAXRSS,TIMEOUT,MEMOUT,EXITSTATUS,smart_functions,benchmark_type,code_version,iteration,threads
400.141,400.137,400.025,0.112022,99.9992,97684,84036,85284,true,false,0,association_needed,E,0.1.2,1,1
400.507,400.506,400.166,0.340005,99.9996,503060,479164,479164,true,false,0,association_needed,E,0.1.2,10,1
400.145,400.144,400.04,0.104014,99.9998,106432,92700,95308,true,false,0,association_needed,E,0.1.2,2,1
400.158,400.139,400.019,0.119975,99.9951,111944,97584,100008,true,false,0,association_needed,E,0.1.2,3,1
400.195,400.192,400.08,0.112016,99.9994,129588,115368,117940,true,false,0,association_needed,E,0.1.2,4,1
400.301,400.296,400.044,0.252053,99.9987,151780,137988,141944,true,false,0,association_needed,E,0.1.2,5,1
400.353,400.352,400.172,0.180032,99.9997,199400,184372,184636,true,false,0,association_needed,E,0.1.2,6,1
400.412,400.409,400.129,0.280067,99.9992,253612,237748,242272,true,false,0,association_needed,E,0.1.2,7,1
400.497,400.496,400.168,0.328043,99.9997,333112,315624,315624,true,false,0,association_needed,E,0.1.2,8,1
400.524,400.512,400.148,0.364053,99.9972,407568,387484,387484,true,false,0,association_needed,E,0.1.2,9,1
170.401,170.394,170.334,0.060006,99.9958,100040,87036,87036,false,false,0,association_needed,F,0.1.2,13,1
1.07395,1.07433,1.00244,0.071892,100.036,110392,96908,97660,false,false,0,association_needed,F,0.1.2,16,1
0.519508,0.519858,0.467873,0.051985,100.067,71460,58884,58884,false,false,0,association_needed,F,0.1.2,5,1
0.635783,0.636235,0.588218,0.048017,100.071,74072,61364,61364,false,false,0,association_needed,F,0.1.2,7,1
1.41745,1.41743,1.34535,0.072073,99.9984,81080,68232,68232,false,false,0,association_needed,F,0.1.2,9,1
0.873869,0.874764,0.794877,0.079887,100.102,76860,64124,64432,false,false,0,association_needed-global_lb,E,0.1.2,1,1
402.069,402.064,401.412,0.651997,99.9988,890532,865440,865440,true,false,9,association_needed-global_lb,E,0.1.2,10,1
1.32334,1.32362,1.25165,0.071969,100.021,90312,77256,78000,false,false,0,association_needed-global_lb,E,0.1.2,2,1
400.239,400.227,400.111,0.116005,99.9971,127152,113308,113308,true,false,0,association_needed-global_lb,E,0.1.2,3,1
400.281,400.274,400.086,0.188023,99.9982,165428,150796,150796,true,false,0,association_needed-global_lb,E,0.1.2,4,1
400.42,400.418,400.202,0.216027,99.9997,224164,209312,209312,true,false,0,association_needed-global_lb,E,0.1.2,5,1
400.84,400.834,400.554,0.280053,99.9986,290208,274756,274756,true,false,0,association_needed-global_lb,E,0.1.2,6,1
400.897,400.895,400.511,0.384026,99.9996,406872,390240,390240,true,false,0,association_needed-global_lb,E,0.1.2,7,1
401.408,401.407,400.979,0.428046,99.9996,595752,573856,573856,true,false,0,association_needed-global_lb,E,0.1.2,8,1
402.059,402.033,401.453,0.580082,99.9935,731392,706200,706200,true,false,9,association_needed-global_lb,E,0.1.2,9,1
195.369,195.369,195.265,0.104014,99.9999,100904,88028,88028,false,false,0,association_needed-global_lb,F,0.1.2,13,1
1.13964,1.14006,1.07205,0.068003,100.037,111484,97620,97620,false,false,0,association_needed-global_lb,F,0.1.2,16,1
0.687932,0.688234,0.640212,0.048022,100.044,70960,58500,58768,false,false,0,association_needed-global_lb,F,0.1.2,5,1
0.676932,0.677232,0.6211,0.056132,100.044,74076,61372,61372,false,false,0,association_needed-global_lb,F,0.1.2,7,1
1.41177,1.41238,1.32836,0.084026,100.043,81076,68356,68356,false,false,0,association_needed-global_lb,F,0.1.2,9,1
0.766828,0.767204,0.67933,0.087874,100.049,73052,60368,60368,false,false,0,association_needed-global_lb-global_ub,E,0.1.2,1,1
82.9835,82.9822,82.0462,0.936016,99.9984,1104208,1080624,1080624,false,false,0,association_needed-global_lb-global_ub,E,0.1.2,10,1
1.06477,1.06515,1.01308,0.05207,100.036,88568,75692,75692,false,false,0,association_needed-global_lb-global_ub,E,0.1.2,2,1
2.44535,2.44577,2.36182,0.083947,100.017,121648,108632,108632,false,false,0,association_needed-global_lb-global_ub,E,0.1.2,3,1
4.80157,4.80213,4.67406,0.128064,100.012,171324,156248,156248,false,false,0,association_needed-global_lb-global_ub,E,0.1.2,4,1
9.70241,9.70282,9.57877,0.124043,100.004,250804,235736,235736,false,false,0,association_needed-global_lb-global_ub,E,0.1.2,5,1
14.807,14.8064,14.5585,0.247885,99.9955,345364,329228,329228,false,false,0,association_needed-global_lb-global_ub,E,0.1.2,6,1
24.1713,24.1701,23.8741,0.295982,99.9951,461580,445720,445720,false,false,0,association_needed-global_lb-global_ub,E,0.1.2,7,1
34.5533,34.5532,34.0932,0.459947,99.9997,640824,616860,616860,false,false,0,association_needed-global_lb-global_ub,E,0.1.2,8,1
52.6665,52.6662,52.1621,0.504124,99.9994,829128,797392,797392,false,false,0,association_needed-global_lb-global_ub,E,0.1.2,9,1
1.06469,1.06489,0.992823,0.072062,100.019,94524,81948,82896,false,false,0,association_needed-global_lb-global_ub,F,0.1.2,13,1
1.12416,1.12448,1.04842,0.076061,100.029,110400,97028,97508,false,false,0,association_needed-global_lb-global_ub,F,0.1.2,16,1
0.671034,0.671365,0.611416,0.059949,100.049,69972,57536,58120,false,false,0,association_needed-global_lb-global_ub,F,0.1.2,5,1
0.671949,0.672252,0.636237,0.036015,100.045,74080,61392,61392,false,false,0,association_needed-global_lb-global_ub,F,0.1.2,7,1
0.821971,0.821964,0.754132,0.067832,99.9991,79796,67048,67560,false,false,0,association_needed-global_lb-global_ub,F,0.1.2,9,1
0.808073,0.808479,0.708913,0.099566,100.05,72104,59536,60236,false,false,0,association_needed-global_lb-global_ub-object_needed,E,0.1.2,1,1
69.336,69.3353,68.6992,0.636088,99.9989,1103744,1080696,1080696,false,false,0,association_needed-global_lb-global_ub-object_needed,E,0.1.2,10,1
1.22244,1.22265,1.10678,0.115873,100.017,88556,75764,75764,false,false,0,association_needed-global_lb-global_ub-object_needed,E,0.1.2,2,1
2.65858,2.65881,2.55886,0.099949,100.009,121644,108512,108512,false,false,0,association_needed-global_lb-global_ub-object_needed,E,0.1.2,3,1
4.75831,4.75856,4.63448,0.124082,100.005,171316,156164,156164,false,false,0,association_needed-global_lb-global_ub-object_needed,E,0.1.2,4,1
9.73305,9.733,9.60503,0.127973,99.9995,250796,236136,236136,false,false,0,association_needed-global_lb-global_ub-object_needed,E,0.1.2,5,1
14.6884,14.6886,14.5086,0.180031,100.002,345388,329564,329564,false,false,0,association_needed-global_lb-global_ub-object_needed,E,0.1.2,6,1
24.1349,24.135,23.8429,0.292042,100,461596,445536,445536,false,false,0,association_needed-global_lb-global_ub-object_needed,E,0.1.2,7,1
34.4084,34.4074,34.0434,0.363958,99.997,640796,616588,616588,false,false,0,association_needed-global_lb-global_ub-object_needed,E,0.1.2,8,1
53.648,53.6468,53.1188,0.527938,99.9977,829056,797640,797640,false,false,0,association_needed-global_lb-global_ub-object_needed,E,0.1.2,9,1
1.01395,1.01241,0.92037,0.092037,99.8478,94520,82004,82928,false,false,0,association_needed-global_lb-global_ub-object_needed,F,0.1.2,13,1
1.12405,1.12442,1.06039,0.064026,100.033,110392,97080,97496,false,false,0,association_needed-global_lb-global_ub-object_needed,F,0.1.2,16,1
0.514047,0.514227,0.478071,0.036156,100.035,70956,58240,58240,false,false,0,association_needed-global_lb-global_ub-object_needed,F,0.1.2,5,1
0.676148,0.676062,0.628057,0.048005,99.9873,73944,61280,61280,false,false,0,association_needed-global_lb-global_ub-object_needed,F,0.1.2,7,1
0.699036,0.69928,0.638998,0.060282,100.035,80312,67232,67496,false,false,0,association_needed-global_lb-global_ub-object_needed,F,0.1.2,9,1
0.764847,0.765194,0.721121,0.044073,100.045,74264,61632,61632,false,false,0,association_needed-global_lb-object_needed,E,0.1.2,1,1
402.062,402.059,401.395,0.663921,99.9992,883412,858124,858124,true,false,9,association_needed-global_lb-object_needed,E,0.1.2,10,1
1.03862,1.0391,0.995142,0.043962,100.046,87136,74632,75452,false,false,0,association_needed-global_lb-object_needed,E,0.1.2,2,1
400.194,400.183,400.107,0.076008,99.9974,122384,108416,109004,true,false,0,association_needed-global_lb-object_needed,E,0.1.2,3,1
400.272,400.262,400.146,0.116013,99.9976,161584,146768,147288,true,false,0,association_needed-global_lb-object_needed,E,0.1.2,4,1
400.401,400.392,400.252,0.140016,99.9978,222596,208144,208144,true,false,0,association_needed-global_lb-object_needed,E,0.1.2,5,1
400.588,400.578,400.354,0.22399,99.9976,290368,274520,274520,true,false,0,association_needed-global_lb-object_needed,E,0.1.2,6,1
400.965,400.95,400.534,0.415995,99.9963,402468,386440,386440,true,false,0,association_needed-global_lb-object_needed,E,0.1.2,7,1
401.279,401.275,400.903,0.372035,99.999,530204,509552,509552,true,false,0,association_needed-global_lb-object_needed,E,0.1.2,8,1
402.054,402.049,401.552,0.496019,99.9987,711956,687768,687768,true,false,9,association_needed-global_lb-object_needed,E,0.1.2,9,1
1.39234,1.39255,1.30876,0.083799,100.015,95368,82524,82764,false,false,0,association_needed-global_lb-object_needed,F,0.1.2,13,1
0.950911,0.95126,0.899292,0.051968,100.037,110996,96644,97384,false,false,0,association_needed-global_lb-object_needed,F,0.1.2,16,1
0.666584,0.666968,0.599073,0.067895,100.058,69968,57764,58348,false,false,0,association_needed-global_lb-object_needed,F,0.1.2,5,1
0.497438,0.497781,0.461941,0.03584,100.069,74076,61520,61520,false,false,0,association_needed-global_lb-object_needed,F,0.1.2,7,1
0.853114,0.853321,0.805247,0.048074,100.024,79556,66812,67868,false,false,0,association_needed-global_lb-object_needed,F,0.1.2,9,1
0.758773,0.75947,0.687478,0.071992,100.092,74272,61604,61604,false,false,0,association_needed-global_lb-object_needed-global_ub,E,0.1.2,1,1
72.513,72.507,71.8349,0.672079,99.9918,1056552,1033628,1033628,false,false,0,association_needed-global_lb-object_needed-global_ub,E,0.1.2,10,1
1.19428,1.19523,1.13507,0.060164,100.08,88076,75296,75296,false,false,0,association_needed-global_lb-object_needed-global_ub,E,0.1.2,2,1
2.68709,2.68756,2.55557,0.13199,100.017,115628,102636,102636,false,false,0,association_needed-global_lb-object_needed-global_ub,E,0.1.2,3,1
4.85187,4.85188,4.75191,0.099976,100,158276,144480,144480,false,false,0,association_needed-global_lb-object_needed-global_ub,E,0.1.2,4,1
9.92274,9.92339,9.81937,0.104017,100.007,237132,222332,222332,false,false,0,association_needed-global_lb-object_needed-global_ub,E,0.1.2,5,1
15.2504,15.2506,15.0267,0.223937,100.001,327600,311540,311540,false,false,0,association_needed-global_lb-object_needed-global_ub,E,0.1.2,6,1
25.1338,25.1321,24.852,0.280016,99.993,444120,427768,427768,false,false,0,association_needed-global_lb-object_needed-global_ub,E,0.1.2,7,1
34.9658,34.9653,34.6093,0.356072,99.9985,615272,591756,591756,false,false,0,association_needed-global_lb-object_needed-global_ub,E,0.1.2,8,1
55.3012,55.2987,54.7627,0.536024,99.9955,803180,775252,775252,false,false,0,association_needed-global_lb-object_needed-global_ub,E,0.1.2,9,1
0.885354,0.885692,0.829838,0.055854,100.038,95172,82364,82768,false,false,0,association_needed-global_lb-object_needed-global_ub,F,0.1.2,13,1
1.00996,1.01054,0.93864,0.071904,100.058,110400,97136,97624,false,false,0,association_needed-global_lb-object_needed-global_ub,F,0.1.2,16,1
0.675876,0.676028,0.608021,0.068007,100.022,69964,57580,58168,false,false,0,association_needed-global_lb-object_needed-global_ub,F,0.1.2,5,1
0.667895,0.667893,0.6199,0.047993,99.9997,74080,61532,61532,false,false,0,association_needed-global_lb-object_needed-global_ub,F,0.1.2,7,1
0.813048,0.81333,0.733199,0.080131,100.035,78956,66600,67696,false,false,0,association_needed-global_lb-object_needed-global_ub,F,0.1.2,9,1
62.8067,62.8071,62.7271,0.080009,100.001,98168,84492,86668,false,false,0,association_needed-global_ub,E,0.1.2,1,1
400.52,400.516,400.06,0.456054,99.9991,503452,481228,481228,true,false,0,association_needed-global_ub,E,0.1.2,10,1
400.155,400.153,400.061,0.092011,99.9994,109144,95524,98972,true,false,0,association_needed-global_ub,E,0.1.2,2,1
400.161,400.162,400.034,0.12802,100,116844,103296,107136,true,false,0,association_needed-global_ub,E,0.1.2,3,1
400.177,400.174,400.058,0.116015,99.9994,128220,114472,118508,true,false,0,association_needed-global_ub,E,0.1.2,4,1
400.249,400.245,400.125,0.120017,99.999,152824,139708,144276,true,false,0,association_needed-global_ub,E,0.1.2,5,1
400.387,400.385,400.197,0.188027,99.9995,200792,186332,186980,true,false,0,association_needed-global_ub,E,0.1.2,6,1
400.473,400.47,400.226,0.244026,99.9992,249736,233092,237316,true,false,0,association_needed-global_ub,E,0.1.2,7,1
400.38,400.359,400.023,0.336034,99.9948,331624,314256,314256,true,false,0,association_needed-global_ub,E,0.1.2,8,1
400.637,400.625,400.317,0.30805,99.9969,417100,397592,397592,true,false,0,association_needed-global_ub,E,0.1.2,9,1
0.937622,0.938024,0.86584,0.072184,100.043,94516,81880,82772,false,false,0,association_needed-global_ub,F,0.1.2,13,1
1.15364,1.154,1.07014,0.083859,100.032,111480,97440,97440,false,false,0,association_needed-global_ub,F,0.1.2,16,1
0.673124,0.673084,0.625006,0.048078,99.994,69964,57576,58168,false,false,0,association_needed-global_ub,F,0.1.2,5,1
0.672883,0.673253,0.609511,0.063742,100.055,74076,61336,61336,false,false,0,association_needed-global_ub,F,0.1.2,7,1
0.827584,0.82824,0.756214,0.072026,100.079,79800,67024,67528,false,false,0,association_needed-global_ub,F,0.1.2,9,1
0.783363,0.783698,0.707726,0.075972,100.043,74404,61828,62132,false,false,0,association_needed-global_ub-global_lb,E,0.1.2,1,1
102.021,102.016,101.2,0.81604,99.995,1312780,1278068,1278068,false,false,0,association_needed-global_ub-global_lb,E,0.1.2,10,1
1.24741,1.24788,1.17589,0.071995,100.038,93552,80676,80676,false,false,0,association_needed-global_ub-global_lb,E,0.1.2,2,1
2.62771,2.62789,2.54789,0.080001,100.007,133628,120240,120240,false,false,0,association_needed-global_ub-global_lb,E,0.1.2,3,1
4.80452,4.80472,4.6847,0.12002,100.004,173868,159496,159496,false,false,0,association_needed-global_ub-global_lb,E,0.1.2,4,1
20.9742,20.9735,20.7614,0.212018,99.9964,257252,242240,242240,false,false,0,association_needed-global_ub-global_lb,E,0.1.2,5,1
19.3373,19.3375,19.1535,0.184017,100.001,362652,345444,345444,false,false,0,association_needed-global_ub-global_lb,E,0.1.2,6,1
25.4647,25.4641,25.204,0.260025,99.9975,481452,463128,463128,false,false,0,association_needed-global_ub-global_lb,E,0.1.2,7,1
36.4148,36.413,36.069,0.344004,99.9951,678952,653148,653148,false,false,0,association_needed-global_ub-global_lb,E,0.1.2,8,1
58.484,58.4834,58.0154,0.468013,99.999,975356,944740,944740,false,false,0,association_needed-global_ub-global_lb,E,0.1.2,9,1
1.03266,1.03289,0.960832,0.072062,100.022,94496,81824,82724,false,false,0,association_needed-global_ub-global_lb,F,0.1.2,13,1
1.11896,1.11922,1.03128,0.08794,100.023,110396,96960,97456,false,false,0,association_needed-global_ub-global_lb,F,0.1.2,16,1
0.671162,0.671383,0.607038,0.064345,100.033,69968,57420,58008,false,false,0,association_needed-global_ub-global_lb,F,0.1.2,5,1
0.676842,0.677147,0.609027,0.06812,100.045,73944,61220,61220,false,false,0,association_needed-global_ub-global_lb,F,0.1.2,7,1
0.695417,0.695759,0.643798,0.051961,100.049,80320,67448,67712,false,false,0,association_needed-global_ub-global_lb,F,0.1.2,9,1
0.792912,0.793948,0.721767,0.072181,100.131,74920,62224,62224,false,false,0,association_needed-global_ub-global_lb-object_needed,E,0.1.2,1,1
100.312,100.311,99.4908,0.819931,99.9988,1314664,1280328,1280328,false,false,0,association_needed-global_ub-global_lb-object_needed,E,0.1.2,10,1
1.22629,1.22652,1.16659,0.059929,100.019,93544,80672,80672,false,false,0,association_needed-global_ub-global_lb-object_needed,E,0.1.2,2,1
2.60106,2.60137,2.52543,0.075943,100.012,133620,119836,120100,false,false,0,association_needed-global_ub-global_lb-object_needed,E,0.1.2,3,1
4.82812,4.82828,4.70025,0.128027,100.003,173868,159376,159376,false,false,0,association_needed-global_ub-global_lb-object_needed,E,0.1.2,4,1
21.0565,21.0568,20.8847,0.172031,100.002,257256,242184,242184,false,false,0,association_needed-global_ub-global_lb-object_needed,E,0.1.2,5,1
19.4581,19.4574,19.2493,0.208106,99.996,362672,345428,345428,false,false,0,association_needed-global_ub-global_lb-object_needed,E,0.1.2,6,1
25.5329,25.533,25.173,0.359997,100,481468,462892,462892,false,false,0,association_needed-global_ub-global_lb-object_needed,E,0.1.2,7,1
36.1878,36.1873,35.7753,0.41197,99.9985,678912,653700,653700,false,false,0,association_needed-global_ub-global_lb-object_needed,E,0.1.2,8,1
57.841,57.8404,57.1564,0.684039,99.9989,970324,938396,938396,false,false,0,association_needed-global_ub-global_lb-object_needed,E,0.1.2,9,1
0.875997,0.876346,0.836562,0.039784,100.04,94520,82044,82936,false,false,0,association_needed-global_ub-global_lb-object_needed,F,0.1.2,13,1
1.12225,1.12235,1.06244,0.059914,100.009,110392,97272,97708,false,false,0,association_needed-global_ub-global_lb-object_needed,F,0.1.2,16,1
0.504426,0.504768,0.456695,0.048073,100.068,69964,57620,58216,false,false,0,association_needed-global_ub-global_lb-object_needed,F,0.1.2,5,1
0.670774,0.67086,0.586998,0.083862,100.013,74084,61400,61400,false,false,0,association_needed-global_ub-global_lb-object_needed,F,0.1.2,7,1
0.812397,0.812793,0.748728,0.064065,100.049,79808,67176,67616,false,false,0,association_needed-global_ub-global_lb-object_needed,F,0.1.2,9,1
0.76596,0.766129,0.678344,0.087785,100.022,74716,62000,62000,false,false,0,association_needed-global_ub-object_needed,E,0.1.2,1,1
50.4788,50.4739,50.1059,0.368014,99.9905,625832,602664,611540,false,false,0,association_needed-global_ub-object_needed,E,0.1.2,10,1
0.923811,0.924184,0.880174,0.04401,100.04,85252,72524,73844,false,false,0,association_needed-global_ub-object_needed,E,0.1.2,2,1
2.01864,2.01899,1.93903,0.07996,100.018,110520,97928,97928,false,false,0,association_needed-global_ub-object_needed,E,0.1.2,3,1
3.41359,3.41392,3.32587,0.088049,100.009,138480,124680,124680,false,false,0,association_needed-global_ub-object_needed,E,0.1.2,4,1
7.19264,7.19295,7.06097,0.131983,100.004,194224,181676,181676,false,false,0,association_needed-global_ub-object_needed,E,0.1.2,5,1
9.87862,9.87888,9.72682,0.152063,100.003,230196,217276,217276,false,false,0,association_needed-global_ub-object_needed,E,0.1.2,6,1
31.651,31.6511,31.4431,0.208043,100,320012,306916,306916,false,false,0,association_needed-global_ub-object_needed,E,0.1.2,7,1
24.7275,24.7274,24.4873,0.24002,99.9996,384932,370180,370180,false,false,0,association_needed-global_ub-object_needed,E,0.1.2,8,1
39.725,39.7246,39.3486,0.375965,99.999,538248,521452,521452,false,false,0,association_needed-global_ub-object_needed,E,0.1.2,9,1
1.03759,1.03804,0.974189,0.063854,100.044,95528,82656,82656,false,false,0,association_needed-global_ub-object_needed,F,0.1.2,13,1
1.12662,1.12677,1.05085,0.075918,100.013,110392,97152,97640,false,false,0,association_needed-global_ub-object_needed,F,0.1.2,16,1
0.668685,0.669172,0.585524,0.083648,100.073,70232,57664,58012,false,false,0,association_needed-global_ub-object_needed,F,0.1.2,5,1
0.552409,0.552699,0.516664,0.036035,100.053,74076,61528,61528,false,false,0,association_needed-global_ub-object_needed,F,0.1.2,7,1
0.812858,0.813177,0.73306,0.080117,100.039,79804,67208,67468,false,false,0,association_needed-global_ub-object_needed,F,0.1.2,9,1
0.759088,0.759084,0.683174,0.07591,99.9995,74716,62388,62388,false,false,0,association_needed-global_ub-object_needed-global_lb,E,0.1.2,1,1
50.7909,50.7876,50.4156,0.371961,99.9934,627632,611524,611524,false,false,0,association_needed-global_ub-object_needed-global_lb,E,0.1.2,10,1
0.922906,0.923449,0.887471,0.035978,100.059,85264,72624,73944,false,false,0,association_needed-global_ub-object_needed-global_lb,E,0.1.2,2,1
2.02788,2.02882,1.92497,0.103852,100.046,110512,98012,98012,false,false,0,association_needed-global_ub-object_needed-global_lb,E,0.1.2,3,1
3.26435,3.26467,3.18073,0.08394,100.01,138456,124800,124800,false,false,0,association_needed-global_ub-object_needed-global_lb,E,0.1.2,4,1
7.1925,7.19247,7.06447,0.128008,99.9996,194220,180604,180604,false,false,0,association_needed-global_ub-object_needed-global_lb,E,0.1.2,5,1
9.92543,9.92546,9.76548,0.159982,100,230264,217504,217504,false,false,0,association_needed-global_ub-object_needed-global_lb,E,0.1.2,6,1
31.4945,31.4936,31.2496,0.244024,99.9972,320340,307344,307344,false,false,0,association_needed-global_ub-object_needed-global_lb,E,0.1.2,7,1
24.6353,24.6346,24.4026,0.23203,99.9973,384924,370352,370352,false,false,0,association_needed-global_ub-object_needed-global_lb,E,0.1.2,8,1
39.9265,39.9247,39.5006,0.424101,99.9955,544852,528032,528032,false,false,0,association_needed-global_ub-object_needed-global_lb,E,0.1.2,9,1
0.970527,0.970889,0.910952,0.059937,100.037,94516,81856,82764,false,false,0,association_needed-global_ub-object_needed-global_lb,F,0.1.2,13,1
1.13179,1.1321,1.03609,0.096008,100.028,111476,97568,97568,false,false,0,association_needed-global_ub-object_needed-global_lb,F,0.1.2,16,1
0.677405,0.677586,0.613838,0.063748,100.027,69968,57700,58292,false,false,0,association_needed-global_ub-object_needed-global_lb,F,0.1.2,5,1
0.67379,0.674103,0.602301,0.071802,100.046,74084,61552,61552,false,false,0,association_needed-global_ub-object_needed-global_lb,F,0.1.2,7,1
0.817012,0.817502,0.74537,0.072132,100.06,79800,67112,67624,false,false,0,association_needed-global_ub-object_needed-global_lb,F,0.1.2,9,1
0.742396,0.742229,0.690071,0.052158,99.9775,74284,61688,61688,false,false,0,association_needed-object_needed,E,0.1.2,1,1
401.53,401.526,401.082,0.44404,99.9989,609600,588344,588344,true,false,0,association_needed-object_needed,E,0.1.2,10,1
0.861879,0.862293,0.818421,0.043872,100.048,85516,72988,72988,false,false,0,association_needed-object_needed,E,0.1.2,2,1
400.147,400.137,400.045,0.09201,99.9975,111816,97996,98456,true,false,0,association_needed-object_needed,E,0.1.2,3,1
400.211,400.204,400.088,0.116017,99.9983,136956,123148,123668,true,false,0,association_needed-object_needed,E,0.1.2,4,1
400.355,400.352,400.188,0.163983,99.9992,167216,154168,154168,true,false,0,association_needed-object_needed,E,0.1.2,5,1
400.417,400.415,400.251,0.164024,99.9993,210040,196456,196456,true,false,0,association_needed-object_needed,E,0.1.2,6,1
400.541,400.539,400.263,0.275974,99.9996,265912,252208,252208,true,false,0,association_needed-object_needed,E,0.1.2,7,1
400.801,400.799,400.491,0.308009,99.9995,361604,341864,341864,true,false,0,association_needed-object_needed,E,0.1.2,8,1
401.189,401.187,400.787,0.400011,99.9994,439572,423156,423156,true,false,0,association_needed-object_needed,E,0.1.2,9,1
1.41992,1.42023,1.33227,0.087965,100.022,95368,82636,82964,false,false,0,association_needed-object_needed,F,0.1.2,13,1
1.15022,1.15065,1.05843,0.092214,100.037,111476,97656,97656,false,false,0,association_needed-object_needed,F,0.1.2,16,1
0.677033,0.677546,0.609792,0.067754,100.076,69972,57592,58176,false,false,0,association_needed-object_needed,F,0.1.2,5,1
0.676665,0.677051,0.608943,0.068108,100.057,74076,61176,61176,false,false,0,association_needed-object_needed,F,0.1.2,7,1
0.749111,0.749228,0.689129,0.060099,100.016,79880,66988,67780,false,false,0,association_needed-object_needed,F,0.1.2,9,1
0.743747,0.743732,0.655764,0.087968,99.998,74300,61704,61704,false,false,0,association_needed-object_needed-global_lb,E,0.1.2,1,1
401.713,401.709,401.241,0.468014,99.9989,598856,577448,577448,true,false,0,association_needed-object_needed-global_lb,E,0.1.2,10,1
1.01865,1.0191,0.919179,0.099918,100.044,83116,70456,72832,false,false,0,association_needed-object_needed-global_lb,E,0.1.2,2,1
400.143,400.139,400.043,0.096012,99.999,111596,97928,98436,true,false,0,association_needed-object_needed-global_lb,E,0.1.2,3,1
400.253,400.235,400.087,0.148026,99.9956,137408,123676,123676,true,false,0,association_needed-object_needed-global_lb,E,0.1.2,4,1
400.268,400.268,400.068,0.199984,99.9999,167104,153972,154620,true,false,0,association_needed-object_needed-global_lb,E,0.1.2,5,1
400.377,400.372,400.2,0.17202,99.9987,210048,196812,196812,true,false,0,association_needed-object_needed-global_lb,E,0.1.2,6,1
400.874,400.865,400.545,0.320013,99.9976,265900,251904,251904,true,false,0,association_needed-object_needed-global_lb,E,0.1.2,7,1
400.809,400.797,400.452,0.344063,99.997,361600,341756,341756,true,false,0,association_needed-object_needed-global_lb,E,0.1.2,8,1
401.376,401.372,400.94,0.432053,99.9989,439568,422848,422848,true,false,0,association_needed-object_needed-global_lb,E,0.1.2,9,1
1.38987,1.38996,1.31008,0.079882,100.007,95368,82368,82624,false,false,0,association_needed-object_needed-global_lb,F,0.1.2,13,1
1.11758,1.11783,1.0377,0.080134,100.022,110392,96932,97360,false,false,0,association_needed-object_needed-global_lb,F,0.1.2,16,1
0.669918,0.670368,0.590083,0.080285,100.067,69964,57740,58328,false,false,0,association_needed-object_needed-global_lb,F,0.1.2,5,1
0.669616,0.669906,0.622051,0.047855,100.043,74080,61388,61388,false,false,0,association_needed-object_needed-global_lb,F,0.1.2,7,1
0.856019,0.856358,0.808337,0.048021,100.04,79556,66988,67780,false,false,0,association_needed-object_needed-global_lb,F,0.1.2,9,1
0.743038,0.743098,0.699152,0.043946,100.008,74284,61804,61804,false,false,0,association_needed-object_needed-global_lb-global_ub,E,0.1.2,1,1
36.8025,36.8024,36.4343,0.368086,99.9996,728776,704784,704784,false,false,0,association_needed-object_needed-global_lb-global_ub,E,0.1.2,10,1
1.03048,1.03096,0.966781,0.064176,100.046,84560,72044,72852,false,false,0,association_needed-object_needed-global_lb-global_ub,E,0.1.2,2,1
1.74611,1.74655,1.66262,0.083933,100.025,108592,95812,95812,false,false,0,association_needed-object_needed-global_lb-global_ub,E,0.1.2,3,1
3.03117,3.03134,2.92335,0.107985,100.006,139332,125560,125824,false,false,0,association_needed-object_needed-global_lb-global_ub,E,0.1.2,4,1
5.99584,5.9962,5.90019,0.096012,100.006,201304,187016,187016,false,false,0,association_needed-object_needed-global_lb-global_ub,E,0.1.2,5,1
8.28768,8.28803,8.17201,0.11602,100.004,252540,236268,236268,false,false,0,association_needed-object_needed-global_lb-global_ub,E,0.1.2,6,1
14.0905,14.0911,13.8911,0.199972,100.004,362800,345652,345652,false,false,0,association_needed-object_needed-global_lb-global_ub,E,0.1.2,7,1
18.6856,18.6859,18.4299,0.256029,100.002,439560,420472,420472,false,false,0,association_needed-object_needed-global_lb-global_ub,E,0.1.2,8,1
30.0227,30.0225,29.6144,0.408045,99.9994,599860,580060,580060,false,false,0,association_needed-object_needed-global_lb-global_ub,E,0.1.2,9,1
1.04393,1.04421,0.964494,0.079714,100.027,95528,81692,82608,false,false,0,association_needed-object_needed-global_lb-global_ub,F,0.1.2,13,1
0.982739,0.982741,0.906868,0.075873,100,110476,97136,97560,false,false,0,association_needed-object_needed-global_lb-global_ub,F,0.1.2,16,1
0.673406,0.67341,0.617625,0.055785,100.001,69960,57612,58212,false,false,0,association_needed-object_needed-global_lb-global_ub,F,0.1.2,5,1
0.671538,0.671831,0.59185,0.079981,100.044,74084,61336,61336,false,false,0,association_needed-object_needed-global_lb-global_ub,F,0.1.2,7,1
0.645007,0.645006,0.612954,0.032052,99.9999,79780,66908,67432,false,false,0,association_needed-object_needed-global_lb-global_ub,F,0.1.2,9,1
0.747611,0.747957,0.703959,0.043998,100.046,74284,61644,61644,false,false,0,association_needed-object_needed-global_ub,E,0.1.2,1,1
36.9087,36.9067,36.3907,0.516014,99.9944,728744,704884,704884,false,false,0,association_needed-object_needed-global_ub,E,0.1.2,10,1
0.864028,0.864598,0.836578,0.02802,100.066,85500,72800,72800,false,false,0,association_needed-object_needed-global_ub,E,0.1.2,2,1
1.71018,1.71055,1.6506,0.059955,100.022,107516,95096,95836,false,false,0,association_needed-object_needed-global_ub,E,0.1.2,3,1
2.94509,2.94552,2.83346,0.112059,100.014,139328,125644,125644,false,false,0,association_needed-object_needed-global_ub,E,0.1.2,4,1
6.00728,6.00773,5.88373,0.124007,100.008,202236,188428,188428,false,false,0,association_needed-object_needed-global_ub,E,0.1.2,5,1
8.12912,8.12954,7.97346,0.156076,100.005,252548,236100,236100,false,false,0,association_needed-object_needed-global_ub,E,0.1.2,6,1
13.7011,13.7016,13.4615,0.240056,100.003,362804,345732,345732,false,false,0,association_needed-object_needed-global_ub,E,0.1.2,7,1
18.4504,18.45,18.218,0.232003,99.998,439544,420460,420460,false,false,0,association_needed-object_needed-global_ub,E,0.1.2,8,1
30.2021,30.2013,29.7492,0.452025,99.9972,600896,579404,579404,false,false,0,association_needed-object_needed-global_ub,E,0.1.2,9,1
1.0354,1.03603,0.968022,0.068006,100.061,94512,82036,82940,false,false,0,association_needed-object_needed-global_ub,F,0.1.2,13,1
1.08436,1.08461,1.00087,0.083741,100.023,110384,96728,97480,false,false,0,association_needed-object_needed-global_ub,F,0.1.2,16,1
0.67828,0.678882,0.626963,0.051919,100.089,69972,57448,58048,false,false,0,association_needed-object_needed-global_ub,F,0.1.2,5,1
0.673542,0.673667,0.601448,0.072219,100.019,74080,61208,61208,false,false,0,association_needed-object_needed-global_ub,F,0.1.2,7,1
0.807775,0.808124,0.732482,0.075642,100.043,78944,66400,67444,false,false,0,association_needed-object_needed-global_ub,F,0.1.2,9,1
0.750972,0.751368,0.671434,0.079934,100.053,74284,61716,61716,false,false,0,association_needed-object_needed-global_ub-global_lb,E,0.1.2,1,1
37.5646,37.5635,37.1314,0.432071,99.997,728760,704736,704736,false,false,0,association_needed-object_needed-global_ub-global_lb,E,0.1.2,10,1
1.02775,1.02783,0.963836,0.063992,100.007,82024,69460,72892,false,false,0,association_needed-object_needed-global_ub-global_lb,E,0.1.2,2,1
1.75904,1.75959,1.68761,0.071989,100.031,108588,95800,95800,false,false,0,association_needed-object_needed-global_ub-global_lb,E,0.1.2,3,1
2.9985,2.99841,2.90646,0.091958,99.997,139336,125276,125540,false,false,0,association_needed-object_needed-global_ub-global_lb,E,0.1.2,4,1
6.15614,6.15695,5.9889,0.168053,100.013,202220,188028,188028,false,false,0,association_needed-object_needed-global_ub-global_lb,E,0.1.2,5,1
8.46698,8.46744,8.27143,0.196009,100.006,252556,236240,236240,false,false,0,association_needed-object_needed-global_ub-global_lb,E,0.1.2,6,1
13.9873,13.987,13.775,0.212012,99.998,362796,345852,345852,false,false,0,association_needed-object_needed-global_ub-global_lb,E,0.1.2,7,1
18.7723,18.772,18.472,0.299926,99.9983,439540,420732,420732,false,false,0,association_needed-object_needed-global_ub-global_lb,E,0.1.2,8,1
30.199,30.1985,29.7545,0.444021,99.9983,600904,579788,579788,false,false,0,association_needed-object_needed-global_ub-global_lb,E,0.1.2,9,1
1.0302,1.0307,0.986571,0.044128,100.049,94496,81708,82652,false,false,0,association_needed-object_needed-global_ub-global_lb,F,0.1.2,13,1
1.09551,1.09597,1.01197,0.083998,100.042,110392,96972,97668,false,false,0,association_needed-object_needed-global_ub-global_lb,F,0.1.2,16,1
0.670013,0.670254,0.590461,0.079793,100.036,69964,57484,58084,false,false,0,association_needed-object_needed-global_ub-global_lb,F,0.1.2,5,1
0.496654,0.497033,0.452942,0.044091,100.076,73948,61492,61492,false,false,0,association_needed-object_needed-global_ub-global_lb,F,0.1.2,7,1
0.808181,0.80861,0.72855,0.08006,100.053,78956,66352,67408,false,false,0,association_needed-object_needed-global_ub-global_lb,F,0.1.2,9,1
0.586187,0.586515,0.51073,0.075785,100.056,68616,55960,55960,false,false,0,baseline,E,0.1.2,1,1
6.07343,6.07375,5.78167,0.292079,100.005,497976,470216,474448,false,false,0,baseline,E,0.1.2,10,1
0.653746,0.654052,0.601889,0.052163,100.047,76012,63420,63420,false,false,0,baseline,E,0.1.2,2,1
0.601556,0.601938,0.557796,0.044142,100.064,88908,76148,76408,false,false,0,baseline,E,0.1.2,3,1
0.833745,0.834158,0.742361,0.091797,100.05,110064,95964,97020,false,false,0,baseline,E,0.1.2,4,1
1.34826,1.34859,1.19252,0.156079,100.025,141264,127684,129336,false,false,0,baseline,E,0.1.2,5,1
1.80077,1.80105,1.64896,0.152092,100.015,181608,166068,167752,false,false,0,baseline,E,0.1.2,6,1
2.5266,2.52687,2.35095,0.175926,100.011,235864,219208,221056,false,false,0,baseline,E,0.1.2,7,1
3.40116,3.40152,3.24962,0.151896,100.011,303516,283540,283540,false,false,0,baseline,E,0.1.2,8,1
4.69403,4.69425,4.43033,0.263912,100.005,397664,374544,374544,false,false,0,baseline,E,0.1.2,9,1
0.698437,0.699163,0.659211,0.039952,100.104,93128,80000,80000,false,false,0,baseline,F,0.1.2,13,1
0.998188,0.998851,0.914634,0.084217,100.066,109904,96660,96880,false,false,0,baseline,F,0.1.2,16,1
0.604974,0.605079,0.577028,0.028051,100.017,69964,57180,57180,false,false,0,baseline,F,0.1.2,5,1
0.515976,0.516316,0.452277,0.064039,100.066,73024,60304,60832,false,false,0,baseline,F,0.1.2,7,1
0.67757,0.67792,0.602146,0.075774,100.052,78384,65696,65696,false,false,0,baseline,F,0.1.2,9,1
0.788294,0.789018,0.704904,0.084114,100.092,75652,63004,64588,false,false,0,global_lb,E,0.1.2,1,1
402.082,402.078,401.318,0.760041,99.999,1334048,1291992,1291992,true,false,9,global_lb,E,0.1.2,10,1
1.16285,1.16315,1.0832,0.079944,100.025,94484,81668,82988,false,false,0,global_lb,E,0.1.2,2,1
400.2,400.199,400.099,0.100013,99.9997,135376,121684,122264,true,false,0,global_lb,E,0.1.2,3,1
400.4,400.395,400.187,0.207999,99.9987,194080,179352,179352,true,false,0,global_lb,E,0.1.2,4,1
400.476,400.471,400.183,0.287976,99.9987,288024,271140,271140,true,false,0,global_lb,E,0.1.2,5,1
400.649,400.638,400.274,0.36402,99.9972,435516,414224,414224,true,false,0,global_lb,E,0.1.2,6,1
401.299,401.296,400.864,0.432028,99.9991,570652,546088,546088,true,false,0,global_lb,E,0.1.2,7,1
401.202,401.196,400.624,0.572011,99.9986,810792,779748,779748,true,false,0,global_lb,E,0.1.2,8,1
402.072,402.068,401.329,0.739891,99.9991,1059800,1016440,1018816,true,false,9,global_lb,E,0.1.2,9,1
238.857,238.846,238.762,0.084007,99.9953,101084,87904,88960,false,false,0,global_lb,F,0.1.2,13,1
1.1131,1.1139,0.990134,0.123768,100.072,111468,97304,97568,false,false,0,global_lb,F,0.1.2,16,1
0.660368,0.660754,0.584634,0.07612,100.058,70800,58584,58884,false,false,0,global_lb,F,0.1.2,5,1
0.66133,0.661752,0.613914,0.047838,100.064,74076,61372,61372,false,false,0,global_lb,F,0.1.2,7,1
1.32315,1.32319,1.25124,0.071959,100.003,80224,67680,68392,false,false,0,global_lb,F,0.1.2,9,1
0.894268,0.894718,0.806844,0.087874,100.05,77248,64256,64632,false,false,0,global_lb-association_needed,E,0.1.2,1,1
402.071,402.067,401.251,0.815983,99.9989,1334064,1289128,1289372,true,false,9,global_lb-association_needed,E,0.1.2,10,1
1.43796,1.4379,1.37382,0.064076,99.9956,95136,82320,83172,false,false,0,global_lb-association_needed,E,0.1.2,2,1
400.226,400.22,400.152,0.068008,99.9985,135720,122028,122492,true,false,0,global_lb-association_needed,E,0.1.2,3,1
400.334,400.315,400.159,0.156035,99.9953,194068,178676,179264,true,false,0,global_lb-association_needed,E,0.1.2,4,1
400.476,400.472,400.208,0.264036,99.999,288496,271620,271620,true,false,0,global_lb-association_needed,E,0.1.2,5,1
400.588,400.581,400.237,0.344018,99.9984,433224,411668,411668,true,false,0,global_lb-association_needed,E,0.1.2,6,1
401.16,401.154,400.754,0.399989,99.9985,570656,547100,547100,true,false,0,global_lb-association_needed,E,0.1.2,7,1
401.086,401.081,400.557,0.523906,99.9989,804052,772500,772500,true,false,0,global_lb-association_needed,E,0.1.2,8,1
402.062,402.057,401.413,0.643901,99.9988,1032112,998848,999024,true,false,9,global_lb-association_needed,E,0.1.2,9,1
165.545,165.543,165.455,0.088009,99.9989,100672,87436,87436,false,false,0,global_lb-association_needed,F,0.1.2,13,1
0.98405,0.984336,0.924307,0.060029,100.029,110472,96904,97664,false,false,0,global_lb-association_needed,F,0.1.2,16,1
0.699611,0.699841,0.62785,0.071991,100.033,71408,58812,58812,false,false,0,global_lb-association_needed,F,0.1.2,5,1
0.700761,0.70124,0.629113,0.072127,100.068,74076,61432,61432,false,false,0,global_lb-association_needed,F,0.1.2,7,1
1.43777,1.43813,1.37021,0.067912,100.025,81076,68420,68420,false,false,0,global_lb-association_needed,F,0.1.2,9,1
0.778963,0.779299,0.711356,0.067943,100.043,73464,60648,60648,false,false,0,global_lb-association_needed-global_ub,E,0.1.2,1,1
402.071,402.07,401.046,1.02384,99.9997,1333976,1288076,1288232,true,false,9,global_lb-association_needed-global_ub,E,0.1.2,10,1
1.36725,1.36756,1.30758,0.059981,100.023,92996,80088,80088,false,false,0,global_lb-association_needed-global_ub,E,0.1.2,2,1
3.72188,3.72224,3.61817,0.104066,100.01,132368,118696,118696,false,false,0,global_lb-association_needed-global_ub,E,0.1.2,3,1
8.45772,8.45823,8.31817,0.140058,100.006,191576,176688,176688,false,false,0,global_lb-association_needed-global_ub,E,0.1.2,4,1
18.5003,18.5007,18.3247,0.176023,100.002,288360,272796,272796,false,false,0,global_lb-association_needed-global_ub,E,0.1.2,5,1
32.3063,32.3069,32.0469,0.260022,100.002,433224,411760,411760,false,false,0,global_lb-association_needed-global_ub,E,0.1.2,6,1
102.051,102.05,101.746,0.304008,99.9994,570656,549348,549348,false,false,0,global_lb-association_needed-global_ub,E,0.1.2,7,1
252.53,252.529,252.045,0.483858,99.9995,836880,804320,804320,false,false,0,global_lb-association_needed-global_ub,E,0.1.2,8,1
402.062,402.053,401.497,0.556009,99.9979,1032096,998776,998832,true,false,9,global_lb-association_needed-global_ub,E,0.1.2,9,1
1.08676,1.08711,1.01117,0.075942,100.032,94516,81704,82624,false,false,0,global_lb-association_needed-global_ub,F,0.1.2,13,1
1.08614,1.08663,0.998738,0.087893,100.045,110400,96648,97336,false,false,0,global_lb-association_needed-global_ub,F,0.1.2,16,1
0.687325,0.687606,0.639633,0.047973,100.041,69968,57564,58156,false,false,0,global_lb-association_needed-global_ub,F,0.1.2,5,1
0.680363,0.680689,0.632641,0.048048,100.048,73948,61364,61364,false,false,0,global_lb-association_needed-global_ub,F,0.1.2,7,1
0.832546,0.83298,0.785154,0.047826,100.052,79804,67208,67716,false,false,0,global_lb-association_needed-global_ub,F,0.1.2,9,1
0.797498,0.797883,0.68618,0.111703,100.048,72808,59896,60688,false,false,0,global_lb-association_needed-global_ub-object_needed,E,0.1.2,1,1
402.082,402.077,401.357,0.72,99.9987,1334012,1288276,1288392,true,false,9,global_lb-association_needed-global_ub-object_needed,E,0.1.2,10,1
1.22121,1.22152,1.16947,0.052052,100.026,92752,80016,80016,false,false,0,global_lb-association_needed-global_ub-object_needed,E,0.1.2,2,1
3.83212,3.83218,3.70016,0.132019,100.002,132420,118792,118792,false,false,0,global_lb-association_needed-global_ub-object_needed,E,0.1.2,3,1
8.47417,8.47451,8.3665,0.108009,100.004,191572,176680,176680,false,false,0,global_lb-association_needed-global_ub-object_needed,E,0.1.2,4,1
18.5057,18.5052,18.3052,0.200026,99.9976,288344,272684,272684,false,false,0,global_lb-association_needed-global_ub-object_needed,E,0.1.2,5,1
32.2621,32.2606,31.9926,0.267938,99.9953,433220,411812,411812,false,false,0,global_lb-association_needed-global_ub-object_needed,E,0.1.2,6,1
104.023,104.021,103.633,0.387951,99.9978,570648,549300,549300,false,false,0,global_lb-association_needed-global_ub-object_needed,E,0.1.2,7,1
248.721,248.706,248.226,0.479859,99.9938,804076,776096,776096,false,false,0,global_lb-association_needed-global_ub-object_needed,E,0.1.2,8,1
402.061,402.039,401.467,0.572013,99.9944,1032088,999328,999336,true,false,9,global_lb-association_needed-global_ub-object_needed,E,0.1.2,9,1
1.0806,1.08098,0.988907,0.092072,100.035,94520,81888,82792,false,false,0,global_lb-association_needed-global_ub-object_needed,F,0.1.2,13,1
1.20657,1.20705,1.13511,0.071945,100.04,110396,96848,97532,false,false,0,global_lb-association_needed-global_ub-object_needed,F,0.1.2,16,1
0.677987,0.678226,0.654289,0.023937,100.035,69968,57636,58228,false,false,0,global_lb-association_needed-global_ub-object_needed,F,0.1.2,5,1
0.556859,0.557217,0.51713,0.040087,100.064,74076,61488,61488,false,false,0,global_lb-association_needed-global_ub-object_needed,F,0.1.2,7,1
0.834976,0.835317,0.803344,0.031973,100.041,79800,67120,67376,false,false,0,global_lb-association_needed-global_ub-object_needed,F,0.1.2,9,1
0.799041,0.799552,0.707604,0.091948,100.064,72904,60364,61684,false,false,0,global_lb-association_needed-object_needed,E,0.1.2,1,1
402.07,402.064,401.18,0.884055,99.9984,1333988,1288432,1288644,true,false,9,global_lb-association_needed-object_needed,E,0.1.2,10,1
1.26189,1.26218,1.1863,0.075879,100.023,93100,80364,80364,false,false,0,global_lb-association_needed-object_needed,E,0.1.2,2,1
400.228,400.224,400.124,0.100014,99.9991,132076,118600,119068,true,false,0,global_lb-association_needed-object_needed,E,0.1.2,3,1
400.327,400.323,400.171,0.152021,99.9989,192808,177584,178044,true,false,0,global_lb-association_needed-object_needed,E,0.1.2,4,1
400.37,400.368,400.128,0.240016,99.9995,285404,268392,268392,true,false,0,global_lb-association_needed-object_needed,E,0.1.2,5,1
400.565,400.564,400.24,0.324026,99.9997,433196,411784,411784,true,false,0,global_lb-association_needed-object_needed,E,0.1.2,6,1
401.295,401.288,400.872,0.415969,99.9983,570628,546260,546260,true,false,0,global_lb-association_needed-object_needed,E,0.1.2,7,1
401.184,401.168,400.564,0.604052,99.9959,836848,804148,804148,true,false,0,global_lb-association_needed-object_needed,E,0.1.2,8,1
402.07,402.063,401.399,0.664091,99.9983,1032128,998952,999212,true,false,9,global_lb-association_needed-object_needed,E,0.1.2,9,1
1.39237,1.3927,1.31266,0.080042,100.024,95360,82548,82824,false,false,0,global_lb-association_needed-object_needed,F,0.1.2,13,1
0.970546,0.970898,0.910961,0.059937,100.036,111476,97264,97528,false,false,0,global_lb-association_needed-object_needed,F,0.1.2,16,1
0.679159,0.679364,0.615419,0.063945,100.03,71044,58544,58544,false,false,0,global_lb-association_needed-object_needed,F,0.1.2,5,1
0.665481,0.665463,0.597298,0.068165,99.9973,74072,61384,61384,false,false,0,global_lb-association_needed-object_needed,F,0.1.2,7,1
0.853015,0.85332,0.801483,0.051837,100.036,79568,66912,67968,false,false,0,global_lb-association_needed-object_needed,F,0.1.2,9,1
0.817834,0.818208,0.689841,0.128367,100.046,74352,61668,61668,false,false,0,global_lb-association_needed-object_needed-global_ub,E,0.1.2,1,1
400.091,400.089,399.161,0.927662,99.9995,1334044,1288656,1288844,true,false,256,global_lb-association_needed-object_needed-global_ub,E,0.1.2,10,1
1.37642,1.37685,1.31681,0.060037,100.032,93060,80128,80128,false,false,0,global_lb-association_needed-object_needed-global_ub,E,0.1.2,2,1
3.75905,3.75889,3.65893,0.099962,99.9956,132368,118716,118716,false,false,0,global_lb-association_needed-object_needed-global_ub,E,0.1.2,3,1
8.28054,8.28013,8.10412,0.176015,99.9951,193396,177812,177812,false,false,0,global_lb-association_needed-object_needed-global_ub,E,0.1.2,4,1
18.5181,18.5189,18.3109,0.208004,100.004,288832,272756,272756,false,false,0,global_lb-association_needed-object_needed-global_ub,E,0.1.2,5,1
32.5575,32.5574,32.2615,0.295912,99.9996,433228,411876,411876,false,false,0,global_lb-association_needed-object_needed-global_ub,E,0.1.2,6,1
107.046,107.045,106.705,0.340046,99.9996,570648,548932,548932,false,false,0,global_lb-association_needed-object_needed-global_ub,E,0.1.2,7,1
250.668,250.666,250.15,0.515979,99.9991,804076,775288,775288,false,false,0,global_lb-association_needed-object_needed-global_ub,E,0.1.2,8,1
402.08,402.075,401.471,0.604074,99.9988,1032088,999088,999116,true,false,9,global_lb-association_needed-object_needed-global_ub,E,0.1.2,9,1
1.07083,1.0708,1.01487,0.055938,99.9978,94508,81660,82624,false,false,0,global_lb-association_needed-object_needed-global_ub,F,0.1.2,13,1
1.01365,1.01407,0.950188,0.063878,100.042,111484,97276,97540,false,false,0,global_lb-association_needed-object_needed-global_ub,F,0.1.2,16,1
0.680282,0.680389,0.620353,0.060036,100.016,70636,58092,58444,false,false,0,global_lb-association_needed-object_needed-global_ub,F,0.1.2,5,1
0.674858,0.675162,0.615237,0.059925,100.045,74080,61248,61248,false,false,0,global_lb-association_needed-object_needed-global_ub,F,0.1.2,7,1
0.71155,0.711882,0.663889,0.047993,100.047,80312,67436,67700,false,false,0,global_lb-association_needed-object_needed-global_ub,F,0.1.2,9,1
0.72648,0.726783,0.678502,0.048281,100.042,73452,60816,60816,false,false,0,global_lb-global_ub,E,0.1.2,1,1
54.5377,54.5375,53.5935,0.943918,99.9996,1451284,1410768,1410768,false,false,0,global_lb-global_ub,E,0.1.2,10,1
1.0478,1.04821,0.96819,0.080024,100.04,93108,80172,80172,false,false,0,global_lb-global_ub,E,0.1.2,2,1
2.20479,2.20534,2.12531,0.080034,100.025,131808,118356,118356,false,false,0,global_lb-global_ub,E,0.1.2,3,1
5.81036,5.81087,5.65089,0.159982,100.009,192104,176720,176720,false,false,0,global_lb-global_ub,E,0.1.2,4,1
7.68634,7.68678,7.47882,0.207964,100.006,288564,273244,273244,false,false,0,global_lb-global_ub,E,0.1.2,5,1
9.02956,9.02994,8.82589,0.204044,100.004,429160,408340,408340,false,false,0,global_lb-global_ub,E,0.1.2,6,1
25.4411,25.4402,25.1164,0.323863,99.9964,570044,548352,548352,false,false,0,global_lb-global_ub,E,0.1.2,7,1
20.0667,20.0656,19.6536,0.411917,99.9941,821336,791076,791076,false,false,0,global_lb-global_ub,E,0.1.2,8,1
402.074,402.066,401.394,0.67205,99.998,1055040,1016428,1016428,true,false,9,global_lb-global_ub,E,0.1.2,9,1
127.527,127.526,127.426,0.099998,99.9992,98568,85512,85748,false,false,0,global_lb-global_ub,F,0.1.2,13,1
1.0852,1.0864,0.98255,0.103848,100.11,111484,97248,97512,false,false,0,global_lb-global_ub,F,0.1.2,16,1
0.663661,0.663677,0.579734,0.083943,100.002,70784,58172,58568,false,false,0,global_lb-global_ub,F,0.1.2,5,1
0.672903,0.673206,0.601499,0.071707,100.045,74076,61360,61360,false,false,0,global_lb-global_ub,F,0.1.2,7,1
0.957738,0.957975,0.901858,0.056117,100.025,80016,67336,68392,false,false,0,global_lb-global_ub,F,0.1.2,9,1
0.652573,0.653528,0.613433,0.040095,100.146,73448,60676,60676,false,false,0,global_lb-global_ub-association_needed,E,0.1.2,1,1
402.074,402.067,401.351,0.716042,99.9985,1451252,1410792,1410792,true,false,9,global_lb-global_ub-association_needed,E,0.1.2,10,1
1.40597,1.40633,1.30616,0.100172,100.025,92760,80016,80016,false,false,0,global_lb-global_ub-association_needed,E,0.1.2,2,1
5.36178,5.36209,5.26203,0.100055,100.006,133876,120408,120408,false,false,0,global_lb-global_ub-association_needed,E,0.1.2,3,1
17.1578,17.158,17.0339,0.124034,100.001,193288,178232,178232,false,false,0,global_lb-global_ub-association_needed,E,0.1.2,4,1
50.2065,50.2065,49.9704,0.23607,100,288536,273116,273116,false,false,0,global_lb-global_ub-association_needed,E,0.1.2,5,1
96.9112,96.9085,96.6164,0.292054,99.9972,429144,408728,408728,false,false,0,global_lb-global_ub-association_needed,E,0.1.2,6,1
218.663,218.651,218.247,0.403936,99.9947,570044,549776,549776,false,false,0,global_lb-global_ub-association_needed,E,0.1.2,7,1
400.051,400.029,399.495,0.534499,99.9944,808568,780232,780284,true,false,256,global_lb-global_ub-association_needed,E,0.1.2,8,1
402.07,402.049,401.321,0.72805,99.9947,1055056,1016216,1016252,true,false,9,global_lb-global_ub-association_needed,E,0.1.2,9,1
1.09086,1.09116,1.02321,0.067949,100.027,94520,81908,82792,false,false,0,global_lb-global_ub-association_needed,F,0.1.2,13,1
1.08516,1.08516,0.993401,0.091759,100,110396,96908,97336,false,false,0,global_lb-global_ub-association_needed,F,0.1.2,16,1
0.683365,0.683708,0.635729,0.047979,100.05,69964,57560,58164,false,false,0,global_lb-global_ub-association_needed,F,0.1.2,5,1
0.674449,0.674482,0.602641,0.071841,100.005,74080,61380,61380,false,false,0,global_lb-global_ub-association_needed,F,0.1.2,7,1
0.836687,0.836955,0.756863,0.080092,100.032,79804,67100,67596,false,false,0,global_lb-global_ub-association_needed,F,0.1.2,9,1
0.798164,0.798566,0.726333,0.072233,100.05,73444,60804,60804,false,false,0,global_lb-global_ub-association_needed-object_needed,E,0.1.2,1,1
402.085,402.08,401.14,0.940181,99.9986,1451208,1410856,1410856,true,false,9,global_lb-global_ub-association_needed-object_needed,E,0.1.2,10,1
1.54608,1.54687,1.47073,0.076142,100.051,92752,79844,79844,false,false,0,global_lb-global_ub-association_needed-object_needed,E,0.1.2,2,1
6.59906,6.5994,6.46332,0.136084,100.005,131720,118276,118276,false,false,0,global_lb-global_ub-association_needed-object_needed,E,0.1.2,3,1
17.4596,17.4599,17.3359,0.12402,100.002,192104,177028,177028,false,false,0,global_lb-global_ub-association_needed-object_needed,E,0.1.2,4,1
50.059,50.0591,49.855,0.204036,100,288540,273084,273084,false,false,0,global_lb-global_ub-association_needed-object_needed,E,0.1.2,5,1
97.9207,97.9204,97.6324,0.287991,99.9997,429172,408472,408472,false,false,0,global_lb-global_ub-association_needed-object_needed,E,0.1.2,6,1
219.328,219.32,218.98,0.340051,99.9964,570036,549948,549948,false,false,0,global_lb-global_ub-association_needed-object_needed,E,0.1.2,7,1
402.056,402.032,401.388,0.644002,99.9942,808584,780460,780644,true,false,9,global_lb-global_ub-association_needed-object_needed,E,0.1.2,8,1
402.062,402.051,401.331,0.719929,99.9973,1055068,1016536,1016624,true,false,9,global_lb-global_ub-association_needed-object_needed,E,0.1.2,9,1
1.08124,1.08157,1.00145,0.080119,100.031,94528,81776,82676,false,false,0,global_lb-global_ub-association_needed-object_needed,F,0.1.2,13,1
1.19497,1.19472,1.10681,0.087908,99.9791,110388,97060,97552,false,false,0,global_lb-global_ub-association_needed-object_needed,F,0.1.2,16,1
0.68105,0.681356,0.621237,0.060119,100.045,70232,57772,58120,false,false,0,global_lb-global_ub-association_needed-object_needed,F,0.1.2,5,1
0.671537,0.672043,0.624039,0.048004,100.075,74080,61396,61396,false,false,0,global_lb-global_ub-association_needed-object_needed,F,0.1.2,7,1
0.835278,0.835623,0.755657,0.079966,100.041,79804,67060,67540,false,false,0,global_lb-global_ub-association_needed-object_needed,F,0.1.2,9,1
0.773443,0.773213,0.717413,0.0558,99.9703,73452,60684,60684,false,false,0,global_lb-global_ub-object_needed,E,0.1.2,1,1
53.6004,53.5986,52.8945,0.704042,99.9966,1451268,1410944,1410944,false,false,0,global_lb-global_ub-object_needed,E,0.1.2,10,1
1.23148,1.232,1.132,0.100002,100.042,92756,79812,79812,false,false,0,global_lb-global_ub-object_needed,E,0.1.2,2,1
2.39812,2.39882,2.30686,0.091958,100.029,131796,118288,118288,false,false,0,global_lb-global_ub-object_needed,E,0.1.2,3,1
5.7259,5.72633,5.59436,0.131966,100.007,193300,178352,178352,false,false,0,global_lb-global_ub-object_needed,E,0.1.2,4,1
7.62098,7.62168,7.46163,0.160057,100.009,288508,273028,273028,false,false,0,global_lb-global_ub-object_needed,E,0.1.2,5,1
8.80378,8.80413,8.58421,0.219914,100.004,429172,408552,408552,false,false,0,global_lb-global_ub-object_needed,E,0.1.2,6,1
25.4503,25.4508,25.1709,0.279924,100.002,570028,548708,548708,false,false,0,global_lb-global_ub-object_needed,E,0.1.2,7,1
19.9719,19.9722,19.5602,0.412025,100.001,808604,780284,780284,false,false,0,global_lb-global_ub-object_needed,E,0.1.2,8,1
402.065,402.06,401.552,0.508063,99.9988,1055040,1015972,1015972,true,false,9,global_lb-global_ub-object_needed,E,0.1.2,9,1
125.281,125.281,125.213,0.068009,100,98500,85836,85836,false,false,0,global_lb-global_ub-object_needed,F,0.1.2,13,1
1.06708,1.06718,1.00322,0.063953,100.009,110384,96804,97432,false,false,0,global_lb-global_ub-object_needed,F,0.1.2,16,1
0.677456,0.677501,0.625327,0.052174,100.007,70784,58484,58892,false,false,0,global_lb-global_ub-object_needed,F,0.1.2,5,1
0.659719,0.659917,0.619916,0.040001,100.03,74084,61344,61344,false,false,0,global_lb-global_ub-object_needed,F,0.1.2,7,1
0.958588,0.958805,0.882582,0.076223,100.023,80024,67076,68132,false,false,0,global_lb-global_ub-object_needed,F,0.1.2,9,1
0.8005,0.800864,0.76082,0.040044,100.045,73452,61008,61008,false,false,0,global_lb-global_ub-object_needed-association_needed,E,0.1.2,1,1
402.073,402.068,401.128,0.939797,99.9987,1451268,1410988,1410988,true,false,9,global_lb-global_ub-object_needed-association_needed,E,0.1.2,10,1
1.5555,1.55564,1.47566,0.079982,100.009,92752,79836,79836,false,false,0,global_lb-global_ub-object_needed-association_needed,E,0.1.2,2,1
5.38681,5.38716,5.28716,0.1,100.007,131632,117880,117880,false,false,0,global_lb-global_ub-object_needed-association_needed,E,0.1.2,3,1
17.5291,17.5294,17.4253,0.104025,100.002,192100,176928,176928,false,false,0,global_lb-global_ub-object_needed-association_needed,E,0.1.2,4,1
49.3538,49.3538,49.1418,0.212044,100,288516,273028,273028,false,false,0,global_lb-global_ub-object_needed-association_needed,E,0.1.2,5,1
95.0831,95.0823,94.8342,0.248036,99.9992,429468,408904,408904,false,false,0,global_lb-global_ub-object_needed-association_needed,E,0.1.2,6,1
221.372,221.361,220.953,0.408068,99.9953,570064,549764,549764,false,false,0,global_lb-global_ub-object_needed-association_needed,E,0.1.2,7,1
400.064,400.046,399.446,0.599953,99.9955,808552,779744,780004,true,false,256,global_lb-global_ub-object_needed-association_needed,E,0.1.2,8,1
402.063,402.046,401.294,0.752049,99.9958,1055040,1016608,1016860,true,false,9,global_lb-global_ub-object_needed-association_needed,E,0.1.2,9,1
0.966962,0.967393,0.919424,0.047969,100.045,94520,81896,82800,false,false,0,global_lb-global_ub-object_needed-association_needed,F,0.1.2,13,1
1.16092,1.16095,1.07288,0.088071,100.002,110396,96848,97536,false,false,0,global_lb-global_ub-object_needed-association_needed,F,0.1.2,16,1
0.520626,0.52097,0.480844,0.040126,100.066,70952,58216,58216,false,false,0,global_lb-global_ub-object_needed-association_needed,F,0.1.2,5,1
0.675261,0.675231,0.615298,0.059933,99.9955,74084,61316,61316,false,false,0,global_lb-global_ub-object_needed-association_needed,F,0.1.2,7,1
0.840506,0.840778,0.788974,0.051804,100.032,79808,67172,67676,false,false,0,global_lb-global_ub-object_needed-association_needed,F,0.1.2,9,1
0.73116,0.73152,0.675556,0.055964,100.049,75080,62324,62324,false,false,0,global_lb-object_needed,E,0.1.2,1,1
402.069,402.064,401.332,0.732151,99.9989,1333896,1291040,1291040,true,false,9,global_lb-object_needed,E,0.1.2,10,1
1.08047,1.0808,1.01275,0.06805,100.03,93324,80304,80304,false,false,0,global_lb-object_needed,E,0.1.2,2,1
400.228,400.226,400.11,0.116021,99.9996,133068,119920,120016,true,false,0,global_lb-object_needed,E,0.1.2,3,1
400.356,400.353,400.141,0.21203,99.999,192732,177228,177228,true,false,0,global_lb-object_needed,E,0.1.2,4,1
400.494,400.492,400.256,0.23603,99.9996,286908,270028,270028,true,false,0,global_lb-object_needed,E,0.1.2,5,1
400.688,400.686,400.39,0.296039,99.9996,433572,412248,412248,true,false,0,global_lb-object_needed,E,0.1.2,6,1
401.191,401.18,400.672,0.507971,99.9973,573232,548836,548836,true,false,0,global_lb-object_needed,E,0.1.2,7,1
401.311,401.308,400.78,0.527909,99.9992,803972,772824,772824,true,false,0,global_lb-object_needed,E,0.1.2,8,1
402.059,402.038,401.266,0.771914,99.9948,1059672,1009568,1017752,true,false,9,global_lb-object_needed,E,0.1.2,9,1
36.9797,36.9802,36.9162,0.06401,100.001,95532,83044,83448,false,false,0,global_lb-object_needed,F,0.1.2,13,1
1.11419,1.11448,1.05836,0.056125,100.027,111476,97660,97660,false,false,0,global_lb-object_needed,F,0.1.2,16,1
0.670995,0.671384,0.6191,0.052284,100.058,70816,58284,58688,false,false,0,global_lb-object_needed,F,0.1.2,5,1
0.545297,0.545702,0.50155,0.044152,100.074,73036,60248,61364,false,false,0,global_lb-object_needed,F,0.1.2,7,1
0.951663,0.951871,0.879873,0.071998,100.022,80208,67192,68248,false,false,0,global_lb-object_needed,F,0.1.2,9,1
0.803479,0.803922,0.735901,0.068021,100.055,75076,62208,62208,false,false,0,global_lb-object_needed-association_needed,E,0.1.2,1,1
402.071,402.068,401.28,0.788117,99.9993,1333852,1291352,1291548,true,false,9,global_lb-object_needed-association_needed,E,0.1.2,10,1
1.55115,1.55151,1.45154,0.099973,100.023,93108,80432,80432,false,false,0,global_lb-object_needed-association_needed,E,0.1.2,2,1
400.218,400.202,400.098,0.10402,99.9961,132664,119356,119356,true,false,0,global_lb-object_needed-association_needed,E,0.1.2,3,1
400.393,400.389,400.205,0.184028,99.999,192588,177300,177300,true,false,0,global_lb-object_needed-association_needed,E,0.1.2,4,1
400.471,400.469,400.197,0.272037,99.9995,286968,270676,270676,true,false,0,global_lb-object_needed-association_needed,E,0.1.2,5,1
400.628,400.627,400.323,0.30398,99.9998,435892,414356,414356,true,false,0,global_lb-object_needed-association_needed,E,0.1.2,6,1
401.224,401.209,400.785,0.424051,99.9962,573240,549536,549536,true,false,0,global_lb-object_needed-association_needed,E,0.1.2,7,1
401.186,401.164,400.532,0.631987,99.9944,803996,773464,773464,true,false,0,global_lb-object_needed-association_needed,E,0.1.2,8,1
402.061,402.053,401.333,0.719982,99.998,1041200,1000800,1018260,true,false,9,global_lb-object_needed-association_needed,E,0.1.2,9,1
1.35708,1.35703,1.28497,0.072055,99.9962,94696,82076,82852,false,false,0,global_lb-object_needed-association_needed,F,0.1.2,13,1
1.12683,1.12715,1.03889,0.088264,100.029,110388,96620,97380,false,false,0,global_lb-object_needed-association_needed,F,0.1.2,16,1
0.681135,0.681431,0.629627,0.051804,100.043,70628,57996,58324,false,false,0,global_lb-object_needed-association_needed,F,0.1.2,5,1
0.628804,0.629106,0.572979,0.056127,100.048,74080,61336,61336,false,false,0,global_lb-object_needed-association_needed,F,0.1.2,7,1
0.862587,0.86261,0.806698,0.055912,100.003,79076,66720,68036,false,false,0,global_lb-object_needed-association_needed,F,0.1.2,9,1
0.801375,0.801683,0.745843,0.05584,100.038,75092,62332,62332,false,false,0,global_lb-object_needed-association_needed-global_ub,E,0.1.2,1,1
402.073,402.068,401.308,0.760064,99.9988,1333952,1290424,1290664,true,false,9,global_lb-object_needed-association_needed-global_ub,E,0.1.2,10,1
1.58426,1.58457,1.48853,0.09604,100.02,93060,79928,79928,false,false,0,global_lb-object_needed-association_needed-global_ub,E,0.1.2,2,1
4.77601,4.77621,4.67622,0.099987,100.004,132896,119344,119344,false,false,0,global_lb-object_needed-association_needed-global_ub,E,0.1.2,3,1
12.4491,12.4488,12.3128,0.136024,99.9975,194488,179052,179052,false,false,0,global_lb-object_needed-association_needed-global_ub,E,0.1.2,4,1
30.9052,30.9045,30.7485,0.156042,99.9978,290728,274664,274664,false,false,0,global_lb-object_needed-association_needed-global_ub,E,0.1.2,5,1
65.6633,65.6623,65.3702,0.292029,99.9985,433580,411964,411964,false,false,0,global_lb-object_needed-association_needed-global_ub,E,0.1.2,6,1
152.663,152.66,152.348,0.312039,99.9981,570764,549444,549444,false,false,0,global_lb-object_needed-association_needed-global_ub,E,0.1.2,7,1
319.686,319.676,319.124,0.551915,99.9966,804028,776384,776384,false,false,0,global_lb-object_needed-association_needed-global_ub,E,0.1.2,8,1
402.062,402.06,401.4,0.660002,99.9997,1041216,1002068,1019488,true,false,9,global_lb-object_needed-association_needed-global_ub,E,0.1.2,9,1
1.0542,1.05453,0.970332,0.084202,100.031,94496,81980,82952,false,false,0,global_lb-object_needed-association_needed-global_ub,F,0.1.2,13,1
1.21005,1.21046,1.14254,0.067915,100.033,111476,97348,97612,false,false,0,global_lb-object_needed-association_needed-global_ub,F,0.1.2,16,1
0.681645,0.681978,0.610191,0.071787,100.049,70624,58024,58380,false,false,0,global_lb-object_needed-association_needed-global_ub,F,0.1.2,5,1
0.699634,0.700226,0.624202,0.076024,100.085,74076,61356,61356,false,false,0,global_lb-object_needed-association_needed-global_ub,F,0.1.2,7,1
0.829617,0.829937,0.766091,0.063846,100.039,78956,66636,67500,false,false,0,global_lb-object_needed-association_needed-global_ub,F,0.1.2,9,1
0.735496,0.73579,0.675805,0.059985,100.04,75088,62484,62484,false,false,0,global_lb-object_needed-global_ub,E,0.1.2,1,1
95.0575,95.0562,94.4281,0.628066,99.9986,1465008,1423400,1423400,false,false,0,global_lb-object_needed-global_ub,E,0.1.2,10,1
1.08671,1.08703,0.967139,0.119894,100.03,93104,80148,80148,false,false,0,global_lb-object_needed-global_ub,E,0.1.2,2,1
2.13344,2.13349,2.04141,0.092087,100.003,141076,127272,127272,false,false,0,global_lb-object_needed-global_ub,E,0.1.2,3,1
3.58991,3.59034,3.46625,0.124088,100.012,194496,179196,179196,false,false,0,global_lb-object_needed-global_ub,E,0.1.2,4,1
9.58022,9.58084,9.3568,0.224035,100.006,290572,274488,274488,false,false,0,global_lb-object_needed-global_ub,E,0.1.2,5,1
15.0923,15.0923,14.8563,0.236006,99.9998,435908,414572,414572,false,false,0,global_lb-object_needed-global_ub,E,0.1.2,6,1
23.7548,23.755,23.451,0.304027,100.001,577812,555244,555244,false,false,0,global_lb-object_needed-global_ub,E,0.1.2,7,1
24.132,24.1318,23.7639,0.367959,99.9992,808368,777660,777660,false,false,0,global_lb-object_needed-global_ub,E,0.1.2,8,1
402.065,402.063,401.487,0.57596,99.9995,1055020,1014272,1018728,true,false,9,global_lb-object_needed-global_ub,E,0.1.2,9,1
28.6105,28.6109,28.5429,0.068008,100.001,95044,82504,83296,false,false,0,global_lb-object_needed-global_ub,F,0.1.2,13,1
1.06663,1.06667,1.00275,0.063922,100.004,110392,96952,97584,false,false,0,global_lb-object_needed-global_ub,F,0.1.2,16,1
0.655502,0.655801,0.615797,0.040004,100.046,70708,58300,58700,false,false,0,global_lb-object_needed-global_ub,F,0.1.2,5,1
0.66351,0.663876,0.603888,0.059988,100.055,73948,61428,61428,false,false,0,global_lb-object_needed-global_ub,F,0.1.2,7,1
0.837257,0.837527,0.741808,0.095719,100.032,80188,67240,68296,false,false,0,global_lb-object_needed-global_ub,F,0.1.2,9,1
0.822227,0.822834,0.786885,0.035949,100.074,75084,62288,62288,false,false,0,global_lb-object_needed-global_ub-association_needed,E,0.1.2,1,1
402.095,402.088,401.204,0.883912,99.9983,1464924,1423752,1423752,true,false,9,global_lb-object_needed-global_ub-association_needed,E,0.1.2,10,1
1.54753,1.54807,1.50007,0.048002,100.035,93060,79920,79920,false,false,0,global_lb-object_needed-global_ub-association_needed,E,0.1.2,2,1
5.51124,5.5112,5.39523,0.115975,99.9993,131568,117768,118032,false,false,0,global_lb-object_needed-global_ub-association_needed,E,0.1.2,3,1
15.4102,15.4101,15.2821,0.128039,99.9995,194504,178996,178996,false,false,0,global_lb-object_needed-global_ub-association_needed,E,0.1.2,4,1
46.8681,46.8676,46.6915,0.176045,99.9989,290560,274448,274448,false,false,0,global_lb-object_needed-global_ub-association_needed,E,0.1.2,5,1
116.227,116.226,116.03,0.196038,99.9995,433568,411992,411992,false,false,0,global_lb-object_needed-global_ub-association_needed,E,0.1.2,6,1
231.596,231.592,231.244,0.347972,99.9982,577800,556188,556188,false,false,0,global_lb-object_needed-global_ub-association_needed,E,0.1.2,7,1
402.077,402.073,401.529,0.544031,99.9989,804024,776320,776564,true,false,9,global_lb-object_needed-global_ub-association_needed,E,0.1.2,8,1
402.062,402.057,401.325,0.732012,99.9987,1055048,1013524,1017824,true,false,9,global_lb-object_needed-global_ub-association_needed,E,0.1.2,9,1
1.06532,1.06564,1.01356,0.052082,100.031,94544,81972,82808,false,false,0,global_lb-object_needed-global_ub-association_needed,F,0.1.2,13,1
1.18079,1.18116,1.10135,0.079811,100.031,110396,96768,97516,false,false,0,global_lb-object_needed-global_ub-association_needed,F,0.1.2,16,1
0.676206,0.676524,0.628486,0.048038,100.047,70632,58216,58544,false,false,0,global_lb-object_needed-global_ub-association_needed,F,0.1.2,5,1
0.66953,0.669841,0.60206,0.067781,100.046,74076,61536,61536,false,false,0,global_lb-object_needed-global_ub-association_needed,F,0.1.2,7,1
0.830592,0.830385,0.722641,0.107744,99.9751,79832,67212,67644,false,false,0,global_lb-object_needed-global_ub-association_needed,F,0.1.2,9,1
55.2933,55.2934,55.2055,0.087942,100,97740,84476,86668,false,false,0,global_ub-association_needed,E,0.1.2,1,1
400.583,400.581,400.253,0.327994,99.9994,504564,483436,483436,true,false,0,global_ub-association_needed,E,0.1.2,10,1
400.148,400.144,400.06,0.08401,99.999,109076,95680,98968,true,false,0,global_ub-association_needed,E,0.1.2,2,1
400.191,400.189,400.089,0.100015,99.9994,116228,102988,106776,true,false,0,global_ub-association_needed,E,0.1.2,3,1
400.187,400.187,400.023,0.16404,99.9999,128080,114608,119016,true,false,0,global_ub-association_needed,E,0.1.2,4,1
400.267,400.245,400.097,0.148017,99.9944,152844,139716,144272,true,false,0,global_ub-association_needed,E,0.1.2,5,1
400.36,400.353,400.153,0.200011,99.9981,200728,186156,186744,true,false,0,global_ub-association_needed,E,0.1.2,6,1
400.41,400.402,400.189,0.212025,99.998,254244,238180,238180,true,false,0,global_ub-association_needed,E,0.1.2,7,1
400.373,400.373,400.081,0.292031,100,331908,314028,314028,true,false,0,global_ub-association_needed,E,0.1.2,8,1
400.604,400.603,400.259,0.343851,99.9996,407452,388852,388852,true,false,0,global_ub-association_needed,E,0.1.2,9,1
1.13754,1.13772,1.08163,0.056088,100.016,95204,82268,82632,false,false,0,global_ub-association_needed,F,0.1.2,13,1
1.1867,1.18686,1.09496,0.091898,100.014,110392,96856,97548,false,false,0,global_ub-association_needed,F,0.1.2,16,1
0.505033,0.505369,0.46163,0.043739,100.067,70232,57788,58120,false,false,0,global_ub-association_needed,F,0.1.2,5,1
0.678489,0.678655,0.602806,0.075849,100.024,74076,61308,61308,false,false,0,global_ub-association_needed,F,0.1.2,7,1
0.839172,0.839303,0.763365,0.075938,100.016,79812,67292,67716,false,false,0,global_ub-association_needed,F,0.1.2,9,1
0.790605,0.791091,0.715177,0.075914,100.061,74552,61756,61756,false,false,0,global_ub-association_needed-global_lb,E,0.1.2,1,1
215.22,215.218,214.482,0.735965,99.9993,1303296,1266728,1266728,false,false,0,global_ub-association_needed-global_lb,E,0.1.2,10,1
1.34874,1.34933,1.27726,0.072071,100.044,90164,77352,77616,false,false,0,global_ub-association_needed-global_lb,E,0.1.2,2,1
3.19875,3.19905,3.12306,0.075987,100.009,129176,115620,115620,false,false,0,global_ub-association_needed-global_lb,E,0.1.2,3,1
6.72535,6.7256,6.56554,0.160057,100.004,190080,174632,174632,false,false,0,global_ub-association_needed-global_lb,E,0.1.2,4,1
24.4837,24.4836,24.2957,0.187881,99.9997,258124,243360,243360,false,false,0,global_ub-association_needed-global_lb,E,0.1.2,5,1
36.2924,36.2926,36.0926,0.200036,100.001,363132,345144,345144,false,false,0,global_ub-association_needed-global_lb,E,0.1.2,6,1
64.832,64.8301,64.5221,0.308025,99.9971,555456,535508,535508,false,false,0,global_ub-association_needed-global_lb,E,0.1.2,7,1
85.6745,85.6745,85.2066,0.467924,100,687296,661380,661380,false,false,0,global_ub-association_needed-global_lb,E,0.1.2,8,1
147.752,147.752,147.008,0.744106,99.9996,1017444,980020,980020,false,false,0,global_ub-association_needed-global_lb,E,0.1.2,9,1
1.10442,1.10467,1.02862,0.076047,100.023,94524,81916,82836,false,false,0,global_ub-association_needed-global_lb,F,0.1.2,13,1
1.23926,1.2395,1.1515,0.087996,100.02,111480,97436,97436,false,false,0,global_ub-association_needed-global_lb,F,0.1.2,16,1
0.688212,0.688604,0.628552,0.060052,100.057,69964,57452,58056,false,false,0,global_ub-association_needed-global_lb,F,0.1.2,5,1
0.677571,0.677629,0.625495,0.052134,100.009,74076,61256,61256,false,false,0,global_ub-association_needed-global_lb,F,0.1.2,7,1
0.836087,0.836434,0.752391,0.084043,100.042,79804,67048,67552,false,false,0,global_ub-association_needed-global_lb,F,0.1.2,9,1
0.616371,0.616762,0.564694,0.052068,100.063,74288,61664,61864,false,false,0,global_ub-association_needed-global_lb-object_needed,E,0.1.2,1,1
215.748,215.746,215.034,0.711952,99.999,1303428,1267148,1267148,false,false,0,global_ub-association_needed-global_lb-object_needed,E,0.1.2,10,1
1.35272,1.35301,1.27294,0.080062,100.021,90148,77280,77280,false,false,0,global_ub-association_needed-global_lb-object_needed,E,0.1.2,2,1
3.11206,3.1123,3.06029,0.05201,100.008,129176,115616,115880,false,false,0,global_ub-association_needed-global_lb-object_needed,E,0.1.2,3,1
6.8021,6.80218,6.66621,0.135967,100.001,190068,174508,174508,false,false,0,global_ub-association_needed-global_lb-object_needed,E,0.1.2,4,1
24.2024,24.2012,23.9972,0.203993,99.995,258004,243176,243176,false,false,0,global_ub-association_needed-global_lb-object_needed,E,0.1.2,5,1
36.0826,36.0825,35.8224,0.260033,99.9997,363152,345152,345152,false,false,0,global_ub-association_needed-global_lb-object_needed,E,0.1.2,6,1
64.3832,64.3828,64.1027,0.280065,99.9994,555452,535376,535376,false,false,0,global_ub-association_needed-global_lb-object_needed,E,0.1.2,7,1
85.3652,85.3644,84.9484,0.416043,99.9992,687312,661456,661456,false,false,0,global_ub-association_needed-global_lb-object_needed,E,0.1.2,8,1
147.641,147.641,146.993,0.648041,99.9999,1016424,979984,979984,false,false,0,global_ub-association_needed-global_lb-object_needed,E,0.1.2,9,1
1.07116,1.07159,1.0154,0.056188,100.04,94532,81808,82748,false,false,0,global_ub-association_needed-global_lb-object_needed,F,0.1.2,13,1
1.03482,1.0353,0.967342,0.067953,100.046,111000,96996,97616,false,false,0,global_ub-association_needed-global_lb-object_needed,F,0.1.2,16,1
0.556286,0.556634,0.516875,0.039759,100.063,70172,57688,58216,false,false,0,global_ub-association_needed-global_lb-object_needed,F,0.1.2,5,1
0.674374,0.674668,0.594826,0.079842,100.044,74080,61384,61384,false,false,0,global_ub-association_needed-global_lb-object_needed,F,0.1.2,7,1
0.823371,0.823702,0.755727,0.067975,100.04,79804,67208,67716,false,false,0,global_ub-association_needed-global_lb-object_needed,F,0.1.2,9,1
0.583203,0.583633,0.523686,0.059947,100.074,74976,62420,62448,false,false,0,global_ub-association_needed-object_needed,E,0.1.2,1,1
111.339,111.338,110.95,0.388068,99.9992,642576,627480,627480,false,false,0,global_ub-association_needed-object_needed,E,0.1.2,10,1
1.05568,1.05566,0.99568,0.059983,99.9986,85928,73276,73276,false,false,0,global_ub-association_needed-object_needed,E,0.1.2,2,1
1.99087,1.99115,1.90718,0.083968,100.014,111764,98904,98904,false,false,0,global_ub-association_needed-object_needed,E,0.1.2,3,1
3.16215,3.16268,3.04657,0.116114,100.017,139144,126340,126340,false,false,0,global_ub-association_needed-object_needed,E,0.1.2,4,1
6.86299,6.86331,6.70335,0.15996,100.005,196824,183204,183204,false,false,0,global_ub-association_needed-object_needed,E,0.1.2,5,1
9.73209,9.73123,9.58316,0.148071,99.9911,237828,223284,223284,false,false,0,global_ub-association_needed-object_needed,E,0.1.2,6,1
20.9518,20.9513,20.7552,0.19606,99.9975,328136,315172,315172,false,false,0,global_ub-association_needed-object_needed,E,0.1.2,7,1
20.6769,20.6763,20.3843,0.292005,99.9973,389704,374912,374912,false,false,0,global_ub-association_needed-object_needed,E,0.1.2,8,1
84.8165,84.8159,84.3999,0.416053,99.9993,572308,558464,558464,false,false,0,global_ub-association_needed-object_needed,E,0.1.2,9,1
1.09993,1.10043,1.01639,0.084038,100.046,94528,81932,82824,false,false,0,global_ub-association_needed-object_needed,F,0.1.2,13,1
1.23153,1.23227,1.13626,0.096014,100.06,111480,97648,97648,false,false,0,global_ub-association_needed-object_needed,F,0.1.2,16,1
0.680181,0.680462,0.604406,0.076056,100.041,70232,57736,58076,false,false,0,global_ub-association_needed-object_needed,F,0.1.2,5,1
0.685998,0.686312,0.63045,0.055862,100.046,74072,61520,61520,false,false,0,global_ub-association_needed-object_needed,F,0.1.2,7,1
0.839842,0.840185,0.740163,0.100022,100.041,79796,67352,67780,false,false,0,global_ub-association_needed-object_needed,F,0.1.2,9,1
0.75935,0.759943,0.703942,0.056001,100.078,74972,62272,62308,false,false,0,global_ub-association_needed-object_needed-global_lb,E,0.1.2,1,1
110.309,110.308,109.864,0.44406,99.9993,642560,627812,627812,false,false,0,global_ub-association_needed-object_needed-global_lb,E,0.1.2,10,1
1.07467,1.07508,0.991163,0.083917,100.038,85928,73320,73320,false,false,0,global_ub-association_needed-object_needed-global_lb,E,0.1.2,2,1
1.87087,1.8712,1.80711,0.064085,100.018,111772,98816,99080,false,false,0,global_ub-association_needed-object_needed-global_lb,E,0.1.2,3,1
3.03879,3.03917,2.9552,0.083963,100.012,139168,126220,126220,false,false,0,global_ub-association_needed-object_needed-global_lb,E,0.1.2,4,1
6.90446,6.9049,6.78495,0.11995,100.006,196836,183304,183304,false,false,0,global_ub-association_needed-object_needed-global_lb,E,0.1.2,5,1
9.61693,9.6167,9.44475,0.171954,99.9977,237828,223408,223408,false,false,0,global_ub-association_needed-object_needed-global_lb,E,0.1.2,6,1
22.5956,22.5959,22.2918,0.304031,100.001,328104,315228,315228,false,false,0,global_ub-association_needed-object_needed-global_lb,E,0.1.2,7,1
20.5292,20.5296,20.2776,0.25199,100.002,389696,375372,375372,false,false,0,global_ub-association_needed-object_needed-global_lb,E,0.1.2,8,1
83.7878,83.7877,83.4717,0.315996,99.9999,554692,540276,540276,false,false,0,global_ub-association_needed-object_needed-global_lb,E,0.1.2,9,1
1.08486,1.08518,1.00139,0.083782,100.03,94524,81860,82760,false,false,0,global_ub-association_needed-object_needed-global_lb,F,0.1.2,13,1
1.19774,1.19806,1.11819,0.079872,100.027,110388,96824,97464,false,false,0,global_ub-association_needed-object_needed-global_lb,F,0.1.2,16,1
0.669249,0.669506,0.605337,0.064169,100.038,70236,57860,58196,false,false,0,global_ub-association_needed-object_needed-global_lb,F,0.1.2,5,1
0.670148,0.670085,0.613911,0.056174,99.9906,73948,61380,61380,false,false,0,global_ub-association_needed-object_needed-global_lb,F,0.1.2,7,1
0.836063,0.836387,0.768369,0.068018,100.039,79800,67080,67584,false,false,0,global_ub-association_needed-object_needed-global_lb,F,0.1.2,9,1
0.613042,0.61321,0.561081,0.052129,100.027,76168,63424,63424,false,false,0,global_ub-global_lb,E,0.1.2,1,1
113.298,113.298,112.246,1.05212,99.9997,1572192,1533620,1533620,false,false,0,global_ub-global_lb,E,0.1.2,10,1
1.13147,1.13196,1.03196,0.099996,100.043,99420,86320,86584,false,false,0,global_ub-global_lb,E,0.1.2,2,1
2.20016,2.20055,2.12453,0.07602,100.018,141968,128364,128628,false,false,0,global_ub-global_lb,E,0.1.2,3,1
3.8658,3.86615,3.68207,0.184077,100.009,209904,194332,194332,false,false,0,global_ub-global_lb,E,0.1.2,4,1
14.6943,14.6949,14.4989,0.195981,100.004,314132,298140,298140,false,false,0,global_ub-global_lb,E,0.1.2,5,1
17.137,17.1358,16.7759,0.359976,99.9932,457632,435440,435440,false,false,0,global_ub-global_lb,E,0.1.2,6,1
78.8643,78.8635,78.4515,0.41202,99.999,642656,618996,618996,false,false,0,global_ub-global_lb,E,0.1.2,7,1
25.4004,25.401,24.789,0.612046,100.002,901836,863568,863568,false,false,0,global_ub-global_lb,E,0.1.2,8,1
402.078,402.072,401.352,0.719946,99.9986,1187740,1143984,1143984,true,false,9,global_ub-global_lb,E,0.1.2,9,1
127.127,127.127,127.055,0.072013,100,98416,85320,85444,false,false,0,global_ub-global_lb,F,0.1.2,13,1
1.06871,1.06901,0.956904,0.112109,100.028,111484,97556,97556,false,false,0,global_ub-global_lb,F,0.1.2,16,1
0.658019,0.658451,0.578637,0.079814,100.066,70908,58444,58836,false,false,0,global_ub-global_lb,F,0.1.2,5,1
0.665277,0.665822,0.594054,0.071768,100.082,74072,61256,61256,false,false,0,global_ub-global_lb,F,0.1.2,7,1
0.958866,0.959266,0.899309,0.059957,100.042,80020,67208,68264,false,false,0,global_ub-global_lb,F,0.1.2,9,1
0.827981,0.828466,0.780438,0.048028,100.059,76168,63832,63832,false,false,0,global_ub-global_lb-association_needed,E,0.1.2,1,1
402.098,402.094,401.114,0.979997,99.9988,1561908,1525024,1525156,true,false,9,global_ub-global_lb-association_needed,E,0.1.2,10,1
1.68364,1.68396,1.60795,0.076005,100.019,99836,86796,86796,false,false,0,global_ub-global_lb-association_needed,E,0.1.2,2,1
5.73004,5.73036,5.57838,0.151978,100.005,141972,128528,128528,false,false,0,global_ub-global_lb-association_needed,E,0.1.2,3,1
18.1594,18.1595,17.9995,0.159996,100,209900,194408,194408,false,false,0,global_ub-global_lb-association_needed,E,0.1.2,4,1
47.6866,47.6869,47.4949,0.192026,100.001,314148,298068,298068,false,false,0,global_ub-global_lb-association_needed,E,0.1.2,5,1
113.398,113.396,113.089,0.30795,99.9985,457608,435920,435920,false,false,0,global_ub-global_lb-association_needed,E,0.1.2,6,1
267.915,267.912,267.476,0.436063,99.999,642688,620060,620060,false,false,0,global_ub-global_lb-association_needed,E,0.1.2,7,1
402.072,402.036,401.344,0.692045,99.9911,901660,863552,863576,true,false,9,global_ub-global_lb-association_needed,E,0.1.2,8,1
402.066,402.061,401.353,0.708027,99.9986,1187748,1143684,1143908,true,false,9,global_ub-global_lb-association_needed,E,0.1.2,9,1
1.11255,1.11288,1.03282,0.080063,100.03,95188,82316,82688,false,false,0,global_ub-global_lb-association_needed,F,0.1.2,13,1
1.23223,1.23257,1.12487,0.1077,100.028,111480,97592,97592,false,false,0,global_ub-global_lb-association_needed,F,0.1.2,16,1
0.688501,0.688862,0.633116,0.055746,100.052,70236,57700,58040,false,false,0,global_ub-global_lb-association_needed,F,0.1.2,5,1
0.516922,0.517353,0.481257,0.036096,100.083,74076,61504,61504,false,false,0,global_ub-global_lb-association_needed,F,0.1.2,7,1
0.846662,0.846914,0.782996,0.063918,100.03,79792,67208,67708,false,false,0,global_ub-global_lb-association_needed,F,0.1.2,9,1
0.852514,0.852909,0.728777,0.124132,100.046,76164,63708,63708,false,false,0,global_ub-global_lb-association_needed-object_needed,E,0.1.2,1,1
402.087,402.082,401.305,0.776072,99.9986,1571112,1532492,1532592,true,false,9,global_ub-global_lb-association_needed-object_needed,E,0.1.2,10,1
1.52511,1.5251,1.46506,0.060045,99.9996,99832,86688,86688,false,false,0,global_ub-global_lb-association_needed-object_needed,E,0.1.2,2,1
5.56965,5.56993,5.50194,0.067982,100.005,141960,128352,128352,false,false,0,global_ub-global_lb-association_needed-object_needed,E,0.1.2,3,1
18.4495,18.4497,18.3097,0.139998,100.001,210160,194592,194592,false,false,0,global_ub-global_lb-association_needed-object_needed,E,0.1.2,4,1
48.1255,48.1252,47.8932,0.232043,99.9993,314156,298016,298016,false,false,0,global_ub-global_lb-association_needed-object_needed,E,0.1.2,5,1
113.685,113.684,113.344,0.340009,99.9991,457604,435756,435756,false,false,0,global_ub-global_lb-association_needed-object_needed,E,0.1.2,6,1
268.073,268.056,267.556,0.499922,99.9937,642636,619712,619712,false,false,0,global_ub-global_lb-association_needed-object_needed,E,0.1.2,7,1
402.065,402.059,401.419,0.640101,99.9985,901672,863740,863880,true,false,9,global_ub-global_lb-association_needed-object_needed,E,0.1.2,8,1
402.069,402.063,401.135,0.928103,99.9986,1187772,1143684,1143908,true,false,9,global_ub-global_lb-association_needed-object_needed,E,0.1.2,9,1
0.931436,0.931761,0.875775,0.055986,100.035,94520,81716,82616,false,false,0,global_ub-global_lb-association_needed-object_needed,F,0.1.2,13,1
1.20694,1.20706,1.1551,0.05196,100.01,111464,97560,97560,false,false,0,global_ub-global_lb-association_needed-object_needed,F,0.1.2,16,1
0.691733,0.691971,0.623974,0.067997,100.034,70956,58348,58348,false,false,0,global_ub-global_lb-association_needed-object_needed,F,0.1.2,5,1
0.674398,0.67469,0.630514,0.044176,100.043,73948,61352,61352,false,false,0,global_ub-global_lb-association_needed-object_needed,F,0.1.2,7,1
0.834068,0.834061,0.757873,0.076188,99.9992,79800,67176,67676,false,false,0,global_ub-global_lb-association_needed-object_needed,F,0.1.2,9,1
0.743594,0.744194,0.69618,0.048014,100.081,76172,63352,63352,false,false,0,global_ub-global_lb-object_needed,E,0.1.2,1,1
113.796,113.796,112.936,0.859981,99.9998,1562932,1525892,1525892,false,false,0,global_ub-global_lb-object_needed,E,0.1.2,10,1
1.10432,1.10463,1.03657,0.068051,100.028,99408,86512,86512,false,false,0,global_ub-global_lb-object_needed,E,0.1.2,2,1
2.13529,2.13575,2.06775,0.068,100.021,143708,130296,130296,false,false,0,global_ub-global_lb-object_needed,E,0.1.2,3,1
3.70329,3.70385,3.54384,0.160013,100.015,210144,194432,194432,false,false,0,global_ub-global_lb-object_needed,E,0.1.2,4,1
14.3747,14.3747,14.1986,0.176056,99.9995,314144,298016,298016,false,false,0,global_ub-global_lb-object_needed,E,0.1.2,5,1
16.7446,16.745,16.4769,0.268045,100.002,457632,435528,435528,false,false,0,global_ub-global_lb-object_needed,E,0.1.2,6,1
79.0468,79.044,78.6959,0.348135,99.9964,642652,619156,619156,false,false,0,global_ub-global_lb-object_needed,E,0.1.2,7,1
25.2587,25.2577,24.6257,0.632048,99.9961,901828,863856,863856,false,false,0,global_ub-global_lb-object_needed,E,0.1.2,8,1
402.062,402.059,401.355,0.703994,99.9992,1187748,1144316,1144316,true,false,9,global_ub-global_lb-object_needed,E,0.1.2,9,1
125.429,125.428,125.368,0.060008,99.9994,98440,85184,85308,false,false,0,global_ub-global_lb-object_needed,F,0.1.2,13,1
1.10329,1.10363,0.987664,0.11597,100.031,111480,97264,97528,false,false,0,global_ub-global_lb-object_needed,F,0.1.2,16,1
0.663468,0.663875,0.607886,0.055989,100.061,70780,58208,58612,false,false,0,global_ub-global_lb-object_needed,F,0.1.2,5,1
0.669768,0.670038,0.609855,0.060183,100.04,74080,61244,61244,false,false,0,global_ub-global_lb-object_needed,F,0.1.2,7,1
0.964892,0.964814,0.91277,0.052044,99.9919,80024,67144,68200,false,false,0,global_ub-global_lb-object_needed,F,0.1.2,9,1
0.835547,0.83612,0.788114,0.048006,100.069,76168,63516,63516,false,false,0,global_ub-global_lb-object_needed-association_needed,E,0.1.2,1,1
402.072,402.066,401.042,1.02403,99.9984,1561908,1524636,1524768,true,false,9,global_ub-global_lb-object_needed-association_needed,E,0.1.2,10,1
1.70227,1.70279,1.64269,0.0601,100.03,99832,86856,86856,false,false,0,global_ub-global_lb-object_needed-association_needed,E,0.1.2,2,1
5.84543,5.84574,5.72577,0.119969,100.005,146060,132448,136296,false,false,0,global_ub-global_lb-object_needed-association_needed,E,0.1.2,3,1
18.4356,18.436,18.304,0.132022,100.002,209920,194328,194328,false,false,0,global_ub-global_lb-object_needed-association_needed,E,0.1.2,4,1
48.2984,48.298,48.082,0.216033,99.9991,314172,297984,297984,false,false,0,global_ub-global_lb-object_needed-association_needed,E,0.1.2,5,1
110.713,110.713,110.469,0.24403,99.9998,457648,435604,435604,false,false,0,global_ub-global_lb-object_needed-association_needed,E,0.1.2,6,1
264.925,264.923,264.607,0.316007,99.9992,642636,619944,619944,false,false,0,global_ub-global_lb-object_needed-association_needed,E,0.1.2,7,1
402.066,402.057,401.569,0.487976,99.9978,901668,864396,864616,true,false,9,global_ub-global_lb-object_needed-association_needed,E,0.1.2,8,1
400.076,400.074,399.418,0.656025,99.9993,1187752,1143908,1144036,true,false,256,global_ub-global_lb-object_needed-association_needed,E,0.1.2,9,1
1.07485,1.07486,0.978961,0.095898,100,94512,81848,82776,false,false,0,global_ub-global_lb-object_needed-association_needed,F,0.1.2,13,1
1.20949,1.20981,1.12569,0.084116,100.026,111472,97488,97488,false,false,0,global_ub-global_lb-object_needed-association_needed,F,0.1.2,16,1
0.520184,0.520547,0.476837,0.04371,100.07,70956,58236,58236,false,false,0,global_ub-global_lb-object_needed-association_needed,F,0.1.2,5,1
0.676612,0.677212,0.617084,0.060128,100.089,74076,61384,61384,false,false,0,global_ub-global_lb-object_needed-association_needed,F,0.1.2,7,1
0.835413,0.835712,0.751761,0.083951,100.036,79796,67216,67724,false,false,0,global_ub-global_lb-object_needed-association_needed,F,0.1.2,9,1
0.747538,0.748337,0.644841,0.103496,100.107,75796,63172,63244,false,false,0,global_ub-object_needed,E,0.1.2,1,1
66.3136,66.3136,65.9256,0.38801,100,651676,636684,636684,false,false,0,global_ub-object_needed,E,0.1.2,10,1
1.02588,1.02636,0.966456,0.059904,100.047,85112,72448,75352,false,false,0,global_ub-object_needed,E,0.1.2,2,1
1.77596,1.77596,1.66793,0.10803,100,110336,97560,99672,false,false,0,global_ub-object_needed,E,0.1.2,3,1
2.76715,2.7669,2.65893,0.107964,99.9908,141988,128448,128448,false,false,0,global_ub-object_needed,E,0.1.2,4,1
5.40657,5.40688,5.2829,0.123977,100.006,199792,185792,185792,false,false,0,global_ub-object_needed,E,0.1.2,5,1
7.55782,7.55783,7.41387,0.143961,100,238668,224000,224000,false,false,0,global_ub-object_needed,E,0.1.2,6,1
77.5845,77.5815,77.3575,0.224037,99.9961,329420,313920,313920,false,false,0,global_ub-object_needed,E,0.1.2,7,1
16.7558,16.7561,16.4841,0.272057,100.002,389648,375180,375180,false,false,0,global_ub-object_needed,E,0.1.2,8,1
401.52,401.519,401.183,0.335808,99.9998,579196,565564,565564,true,false,0,global_ub-object_needed,E,0.1.2,9,1
127.702,127.701,127.609,0.09199,99.9996,98508,85376,85424,false,false,0,global_ub-object_needed,F,0.1.2,13,1
1.07339,1.07368,0.989862,0.083822,100.028,111484,97480,97480,false,false,0,global_ub-object_needed,F,0.1.2,16,1
0.658165,0.65856,0.582726,0.075834,100.06,70788,58136,58540,false,false,0,global_ub-object_needed,F,0.1.2,5,1
0.661459,0.661703,0.593526,0.068177,100.037,74072,61252,61252,false,false,0,global_ub-object_needed,F,0.1.2,7,1
0.955891,0.956032,0.916029,0.040003,100.015,80020,67252,68308,false,false,0,global_ub-object_needed,F,0.1.2,9,1
0.795787,0.79611,0.712096,0.084014,100.041,75472,62776,63084,false,false,0,global_ub-object_needed-association_needed,E,0.1.2,1,1
143.264,143.262,142.874,0.387981,99.9985,651672,636616,636616,false,false,0,global_ub-object_needed-association_needed,E,0.1.2,10,1
1.10017,1.10058,1.04855,0.052029,100.037,88360,75352,75352,false,false,0,global_ub-object_needed-association_needed,E,0.1.2,2,1
1.93886,1.93929,1.85931,0.079976,100.022,112368,99388,99652,false,false,0,global_ub-object_needed-association_needed,E,0.1.2,3,1
3.49345,3.49378,3.37786,0.115925,100.009,142000,128232,128232,false,false,0,global_ub-object_needed-association_needed,E,0.1.2,4,1
8.20538,8.2056,8.1096,0.095992,100.003,199888,185788,185788,false,false,0,global_ub-object_needed-association_needed,E,0.1.2,5,1
12.9821,12.9823,12.8462,0.136095,100.001,238652,223940,223940,false,false,0,global_ub-object_needed-association_needed,E,0.1.2,6,1
29.4799,29.4801,29.276,0.204046,100,329492,313932,313932,false,false,0,global_ub-object_needed-association_needed,E,0.1.2,7,1
36.2541,36.2541,35.958,0.296055,100,389644,375096,375096,false,false,0,global_ub-object_needed-association_needed,E,0.1.2,8,1
150.585,150.583,150.195,0.38801,99.9991,579548,565764,565764,false,false,0,global_ub-object_needed-association_needed,E,0.1.2,9,1
0.982786,0.983106,0.911171,0.071935,100.033,95188,82420,82792,false,false,0,global_ub-object_needed-association_needed,F,0.1.2,13,1
1.20105,1.20156,1.14949,0.052071,100.042,110392,96836,97584,false,false,0,global_ub-object_needed-association_needed,F,0.1.2,16,1
0.677532,0.677883,0.630033,0.04785,100.052,69980,57584,58432,false,false,0,global_ub-object_needed-association_needed,F,0.1.2,5,1
0.66846,0.66873,0.604679,0.064051,100.04,74080,61336,61336,false,false,0,global_ub-object_needed-association_needed,F,0.1.2,7,1
0.833004,0.833303,0.761222,0.072081,100.036,79796,67376,67872,false,false,0,global_ub-object_needed-association_needed,F,0.1.2,9,1
0.839674,0.840116,0.716118,0.123998,100.053,75804,63028,63068,false,false,0,global_ub-object_needed-association_needed-global_lb,E,0.1.2,1,1
139.881,139.879,139.395,0.484003,99.9987,653980,638460,638460,false,false,0,global_ub-object_needed-association_needed-global_lb,E,0.1.2,10,1
1.11186,1.11215,1.01214,0.100016,100.026,88352,75208,75208,false,false,0,global_ub-object_needed-association_needed-global_lb,E,0.1.2,2,1
2.18099,2.18135,2.10129,0.080053,100.017,112364,99600,99864,false,false,0,global_ub-object_needed-association_needed-global_lb,E,0.1.2,3,1
3.7029,3.70303,3.61905,0.083982,100.004,141984,128328,128328,false,false,0,global_ub-object_needed-association_needed-global_lb,E,0.1.2,4,1
8.38298,8.38318,8.2351,0.14808,100.002,199824,186136,186136,false,false,0,global_ub-object_needed-association_needed-global_lb,E,0.1.2,5,1
12.8305,12.8308,12.6867,0.144013,100.002,238648,224160,224160,false,false,0,global_ub-object_needed-association_needed-global_lb,E,0.1.2,6,1
29.624,29.6225,29.3704,0.252055,99.9949,329436,314032,314032,false,false,0,global_ub-object_needed-association_needed-global_lb,E,0.1.2,7,1
36.4417,36.4408,36.1848,0.256016,99.9976,389652,375052,375052,false,false,0,global_ub-object_needed-association_needed-global_lb,E,0.1.2,8,1
150.998,150.996,150.636,0.360018,99.9988,579560,565788,565788,false,false,0,global_ub-object_needed-association_needed-global_lb,E,0.1.2,9,1
1.14383,1.14444,1.04439,0.100047,100.053,95192,82380,82780,false,false,0,global_ub-object_needed-association_needed-global_lb,F,0.1.2,13,1
1.19095,1.19089,1.10297,0.087922,99.9957,110396,97100,97460,false,false,0,global_ub-object_needed-association_needed-global_lb,F,0.1.2,16,1
0.68084,0.68101,0.596886,0.084124,100.025,69964,57660,58260,false,false,0,global_ub-object_needed-association_needed-global_lb,F,0.1.2,5,1
0.670935,0.671243,0.595348,0.075895,100.046,73948,61564,61564,false,false,0,global_ub-object_needed-association_needed-global_lb,F,0.1.2,7,1
0.828208,0.828537,0.756491,0.072046,100.04,79800,67040,67544,false,false,0,global_ub-object_needed-association_needed-global_lb,F,0.1.2,9,1
0.748167,0.74859,0.680535,0.068055,100.057,75800,63184,63240,false,false,0,global_ub-object_needed-global_lb,E,0.1.2,1,1
65.8299,65.8298,65.4497,0.380026,99.9998,644228,629284,629284,false,false,0,global_ub-object_needed-global_lb,E,0.1.2,10,1
1.01432,1.01475,0.926854,0.087893,100.042,86448,73628,75212,false,false,0,global_ub-object_needed-global_lb,E,0.1.2,2,1
1.71858,1.71894,1.65897,0.059963,100.021,112380,99656,99656,false,false,0,global_ub-object_needed-global_lb,E,0.1.2,3,1
2.55197,2.55249,2.44446,0.108023,100.02,142000,128464,128464,false,false,0,global_ub-object_needed-global_lb,E,0.1.2,4,1
5.35219,5.35276,5.20082,0.151939,100.011,199800,186052,186052,false,false,0,global_ub-object_needed-global_lb,E,0.1.2,5,1
7.51358,7.514,7.36195,0.152052,100.006,238660,223780,223780,false,false,0,global_ub-object_needed-global_lb,E,0.1.2,6,1
76.0129,76.0132,75.7652,0.248004,100,329476,313860,313860,false,false,0,global_ub-object_needed-global_lb,E,0.1.2,7,1
16.6648,16.6648,16.4088,0.256028,100,389668,375176,375176,false,false,0,global_ub-object_needed-global_lb,E,0.1.2,8,1
401.549,401.548,401.203,0.344047,99.9995,579580,565712,565712,true,false,0,global_ub-object_needed-global_lb,E,0.1.2,9,1
127.99,127.988,127.88,0.108014,99.9986,97468,84600,85436,false,false,0,global_ub-object_needed-global_lb,F,0.1.2,13,1
1.11695,1.11696,0.977343,0.13962,100.001,111476,97132,97396,false,false,0,global_ub-object_needed-global_lb,F,0.1.2,16,1
0.659485,0.659802,0.591821,0.067981,100.048,70788,58256,58644,false,false,0,global_ub-object_needed-global_lb,F,0.1.2,5,1
0.685709,0.686128,0.625907,0.060221,100.061,74076,61208,61208,false,false,0,global_ub-object_needed-global_lb,F,0.1.2,7,1
0.949881,0.950055,0.873891,0.076164,100.018,80024,67184,68240,false,false,0,global_ub-object_needed-global_lb,F,0.1.2,9,1
0.806889,0.808489,0.708423,0.100066,100.198,74956,62312,63188,false,false,0,global_ub-object_needed-global_lb-association_needed,E,0.1.2,1,1
137.967,137.964,137.46,0.503906,99.9982,651696,636528,636528,false,false,0,global_ub-object_needed-global_lb-association_needed,E,0.1.2,10,1
1.11565,1.11618,1.0482,0.067979,100.047,88360,75524,75524,false,false,0,global_ub-object_needed-global_lb-association_needed,E,0.1.2,2,1
2.12854,2.12912,2.01707,0.112051,100.027,111284,98796,99760,false,false,0,global_ub-object_needed-global_lb-association_needed,E,0.1.2,3,1
3.72482,3.7255,3.66147,0.064028,100.018,141992,128484,128484,false,false,0,global_ub-object_needed-global_lb-association_needed,E,0.1.2,4,1
8.39956,8.40038,8.24838,0.151999,100.01,199892,185792,185792,false,false,0,global_ub-object_needed-global_lb-association_needed,E,0.1.2,5,1
12.8682,12.8688,12.7408,0.127987,100.005,238656,224040,224040,false,false,0,global_ub-object_needed-global_lb-association_needed,E,0.1.2,6,1
29.6952,29.6951,29.495,0.200021,99.9996,329460,314036,314036,false,false,0,global_ub-object_needed-global_lb-association_needed,E,0.1.2,7,1
36.8593,36.8584,36.6063,0.252027,99.9976,389672,375156,375156,false,false,0,global_ub-object_needed-global_lb-association_needed,E,0.1.2,8,1
149.99,149.988,149.596,0.392015,99.9983,579584,565784,565784,false,false,0,global_ub-object_needed-global_lb-association_needed,E,0.1.2,9,1
1.12296,1.1233,1.07133,0.051971,100.03,95184,82420,82784,false,false,0,global_ub-object_needed-global_lb-association_needed,F,0.1.2,13,1
1.2,1.20019,1.12018,0.080018,100.016,110388,97076,97560,false,false,0,global_ub-object_needed-global_lb-association_needed,F,0.1.2,16,1
0.681009,0.681293,0.621179,0.060114,100.042,70240,57908,58244,false,false,0,global_ub-object_needed-global_lb-association_needed,F,0.1.2,5,1
0.708113,0.708376,0.62033,0.088046,100.037,74076,61520,61520,false,false,0,global_ub-object_needed-global_lb-association_needed,F,0.1.2,7,1
0.827578,0.82809,0.760078,0.068012,100.062,79808,67104,67600,false,false,0,global_ub-object_needed-global_lb-association_needed,F,0.1.2,9,1
0.734241,0.73457,0.706472,0.028098,100.045,74992,62460,62460,false,false,0,object_needed,E,0.1.2,1,1
401.861,401.855,401.363,0.491997,99.9986,599140,577872,577872,true,false,0,object_needed,E,0.1.2,10,1
0.986849,0.987034,0.883134,0.1039,100.019,85348,72584,72584,false,false,0,object_needed,E,0.1.2,2,1
400.167,400.157,400.061,0.09601,99.9977,110656,97104,97692,true,false,0,object_needed,E,0.1.2,3,1
400.265,400.254,400.102,0.152022,99.9974,138432,124588,125048,true,false,0,object_needed,E,0.1.2,4,1
400.274,400.273,400.065,0.208027,99.9997,165492,152148,152796,true,false,0,object_needed,E,0.1.2,5,1
400.372,400.368,400.236,0.13201,99.9991,210172,195560,195560,true,false,0,object_needed,E,0.1.2,6,1
400.718,400.715,400.507,0.208002,99.9992,262856,248824,248824,true,false,0,object_needed,E,0.1.2,7,1
400.722,400.72,400.472,0.24803,99.9995,351692,334776,334776,true,false,0,object_needed,E,0.1.2,8,1
401.313,401.312,400.92,0.391978,99.9997,438804,422236,422236,true,false,0,object_needed,E,0.1.2,9,1
36.6099,36.6104,36.5384,0.072005,100.001,96244,83516,83516,false,false,0,object_needed,F,0.1.2,13,1
1.08028,1.08104,1.00096,0.080078,100.07,111476,97344,97344,false,false,0,object_needed,F,0.1.2,16,1
0.663649,0.664334,0.612305,0.052029,100.103,70816,58368,58780,false,false,0,object_needed,F,0.1.2,5,1
0.666153,0.666702,0.586858,0.079844,100.082,73944,61208,61208,false,false,0,object_needed,F,0.1.2,7,1
0.943984,0.94413,0.880119,0.064011,100.015,80212,67636,68372,false,false,0,object_needed,F,0.1.2,9,1
0.782895,0.783264,0.647389,0.135875,100.047,73704,61124,62440,false,false,0,object_needed-association_needed,E,0.1.2,1,1
401.534,401.533,401.101,0.432062,99.9998,597732,576236,576236,true,false,0,object_needed-association_needed,E,0.1.2,10,1
1.00137,1.00178,0.933656,0.068121,100.041,85348,72472,72472,false,false,0,object_needed-association_needed,E,0.1.2,2,1
400.197,400.19,400.106,0.084016,99.9981,111684,98104,98624,true,false,0,object_needed-association_needed,E,0.1.2,3,1
400.26,400.259,400.123,0.136019,99.9996,138672,124904,124904,true,false,0,object_needed-association_needed,E,0.1.2,4,1
400.285,400.285,400.109,0.175979,100,165620,152132,152720,true,false,0,object_needed-association_needed,E,0.1.2,5,1
400.473,400.464,400.271,0.192034,99.9976,208604,195568,195568,true,false,0,object_needed-association_needed,E,0.1.2,6,1
400.707,400.686,400.478,0.207958,99.9949,262852,248628,248628,true,false,0,object_needed-association_needed,E,0.1.2,7,1
400.71,400.69,400.414,0.275974,99.9951,351684,334484,334484,true,false,0,object_needed-association_needed,E,0.1.2,8,1
401.233,401.231,400.907,0.324051,99.9994,442424,425968,425968,true,false,0,object_needed-association_needed,E,0.1.2,9,1
1.36558,1.36588,1.30597,0.059908,100.022,94688,81920,82616,false,false,0,object_needed-association_needed,F,0.1.2,13,1
1.16529,1.1655,1.07739,0.088113,100.018,111468,97548,97548,false,false,0,object_needed-association_needed,F,0.1.2,16,1
0.68609,0.686417,0.638263,0.048154,100.048,70628,58156,58496,false,false,0,object_needed-association_needed,F,0.1.2,5,1
0.681209,0.681524,0.617381,0.064143,100.046,74080,61380,61380,false,false,0,object_needed-association_needed,F,0.1.2,7,1
0.871518,0.871871,0.807881,0.06399,100.04,79596,66760,67780,false,false,0,object_needed-association_needed,F,0.1.2,9,1
0.695867,0.696231,0.620204,0.076027,100.052,74848,62316,62580,false,false,0,object_needed-association_needed-global_lb,E,0.1.2,1,1
401.629,401.626,401.058,0.568015,99.9994,597724,576304,576304,true,false,0,object_needed-association_needed-global_lb,E,0.1.2,10,1
0.82891,0.829024,0.781196,0.047828,100.014,85348,72780,72780,false,false,0,object_needed-association_needed-global_lb,E,0.1.2,2,1
400.165,400.16,400.048,0.112017,99.9987,111804,98096,98560,true,false,0,object_needed-association_needed-global_lb,E,0.1.2,3,1
400.297,400.294,400.166,0.128014,99.9991,138764,125008,125656,true,false,0,object_needed-association_needed-global_lb,E,0.1.2,4,1
400.324,400.323,400.143,0.180003,99.9996,165572,152944,152944,true,false,0,object_needed-association_needed-global_lb,E,0.1.2,5,1
400.414,400.414,400.254,0.160022,99.9999,208604,195620,195620,true,false,0,object_needed-association_needed-global_lb,E,0.1.2,6,1
400.737,400.736,400.52,0.216023,99.9998,262860,249076,249076,true,false,0,object_needed-association_needed-global_lb,E,0.1.2,7,1
400.856,400.842,400.442,0.400078,99.9964,351688,334364,334364,true,false,0,object_needed-association_needed-global_lb,E,0.1.2,8,1
401.427,401.42,401.06,0.360024,99.9982,438812,421656,421656,true,false,0,object_needed-association_needed-global_lb,E,0.1.2,9,1
1.34312,1.34362,1.26364,0.079977,100.037,95360,82368,82656,false,false,0,object_needed-association_needed-global_lb,F,0.1.2,13,1
1.11516,1.11538,1.0514,0.063972,100.02,110388,96900,97388,false,false,0,object_needed-association_needed-global_lb,F,0.1.2,16,1
0.681098,0.681428,0.609275,0.072153,100.048,70620,58028,58384,false,false,0,object_needed-association_needed-global_lb,F,0.1.2,5,1
0.665677,0.665961,0.601738,0.064223,100.043,74080,61220,61220,false,false,0,object_needed-association_needed-global_lb,F,0.1.2,7,1
0.868624,0.868817,0.788758,0.080059,100.022,80532,67752,67752,false,false,0,object_needed-association_needed-global_lb,F,0.1.2,9,1
0.786905,0.787587,0.663524,0.124063,100.087,73032,60300,62416,false,false,0,object_needed-association_needed-global_lb-global_ub,E,0.1.2,1,1
36.836,36.8352,36.3311,0.504075,99.9978,723456,697420,697420,false,false,0,object_needed-association_needed-global_lb-global_ub,E,0.1.2,10,1
0.988009,0.988529,0.896475,0.092054,100.053,85340,72384,72384,false,false,0,object_needed-association_needed-global_lb-global_ub,E,0.1.2,2,1
1.82488,1.82531,1.72924,0.096072,100.023,106156,93408,93408,false,false,0,object_needed-association_needed-global_lb-global_ub,E,0.1.2,3,1
2.92643,2.9251,2.79704,0.128059,99.9545,138180,124532,124532,false,false,0,object_needed-association_needed-global_lb-global_ub,E,0.1.2,4,1
7.17444,7.17452,7.03854,0.135981,100.001,198004,185092,185092,false,false,0,object_needed-association_needed-global_lb-global_ub,E,0.1.2,5,1
8.35363,8.35336,8.18942,0.163947,99.9969,247460,231588,231588,false,false,0,object_needed-association_needed-global_lb-global_ub,E,0.1.2,6,1
20.7847,20.7838,20.5358,0.247963,99.9954,356556,338728,338728,false,false,0,object_needed-association_needed-global_lb-global_ub,E,0.1.2,7,1
17.8167,17.8166,17.5444,0.272234,99.9994,429748,411544,411544,false,false,0,object_needed-association_needed-global_lb-global_ub,E,0.1.2,8,1
35.7423,35.7425,35.2739,0.468567,100.001,606644,583860,583860,false,false,0,object_needed-association_needed-global_lb-global_ub,E,0.1.2,9,1
1.02325,1.02377,0.947777,0.075989,100.051,94512,81840,82740,false,false,0,object_needed-association_needed-global_lb-global_ub,F,0.1.2,13,1
1.02023,1.0207,0.956697,0.064005,100.047,110992,97128,97616,false,false,0,object_needed-association_needed-global_lb-global_ub,F,0.1.2,16,1
0.700817,0.701312,0.617151,0.084161,100.071,71052,58492,58492,false,false,0,object_needed-association_needed-global_lb-global_ub,F,0.1.2,5,1
0.553117,0.553518,0.477303,0.076215,100.073,74076,61384,61384,false,false,0,object_needed-association_needed-global_lb-global_ub,F,0.1.2,7,1
0.828363,0.828807,0.784762,0.044045,100.054,78964,66428,67296,false,false,0,object_needed-association_needed-global_lb-global_ub,F,0.1.2,9,1
0.741222,0.742096,0.670281,0.071815,100.118,75016,62564,62564,false,false,0,object_needed-association_needed-global_ub,E,0.1.2,1,1
33.5414,33.5412,33.0172,0.523985,99.9995,723500,697756,697756,false,false,0,object_needed-association_needed-global_ub,E,0.1.2,10,1
0.993047,0.993451,0.921346,0.072105,100.041,85348,72552,72552,false,false,0,object_needed-association_needed-global_ub,E,0.1.2,2,1
1.5717,1.57216,1.52016,0.051996,100.029,106156,93248,93248,false,false,0,object_needed-association_needed-global_ub,E,0.1.2,3,1
2.59391,2.59455,2.51447,0.080081,100.025,138200,124408,124672,false,false,0,object_needed-association_needed-global_ub,E,0.1.2,4,1
6.55147,6.55134,6.41136,0.139978,99.998,198024,184960,184960,false,false,0,object_needed-association_needed-global_ub,E,0.1.2,5,1
7.2757,7.27563,7.09962,0.17601,99.999,247484,231772,231772,false,false,0,object_needed-association_needed-global_ub,E,0.1.2,6,1
19.431,19.4316,19.2036,0.227979,100.003,356556,338812,338812,false,false,0,object_needed-association_needed-global_ub,E,0.1.2,7,1
15.5014,15.5018,15.2417,0.260012,100.002,429756,411608,411608,false,false,0,object_needed-association_needed-global_ub,E,0.1.2,8,1
31.3523,31.352,30.9959,0.356043,99.999,607432,585280,585280,false,false,0,object_needed-association_needed-global_ub,E,0.1.2,9,1
1.04661,1.04702,0.971083,0.075933,100.039,94500,81980,82920,false,false,0,object_needed-association_needed-global_ub,F,0.1.2,13,1
1.17992,1.18014,1.1002,0.079939,100.018,110396,96860,97532,false,false,0,object_needed-association_needed-global_ub,F,0.1.2,16,1
0.705125,0.70543,0.649317,0.056113,100.043,71044,58624,58624,false,false,0,object_needed-association_needed-global_ub,F,0.1.2,5,1
0.600511,0.60085,0.54477,0.05608,100.056,73944,61492,61492,false,false,0,object_needed-association_needed-global_ub,F,0.1.2,7,1
0.828828,0.829375,0.761256,0.068119,100.066,78960,66356,67468,false,false,0,object_needed-association_needed-global_ub,F,0.1.2,9,1
0.574656,0.5752,0.539249,0.035951,100.095,75008,62456,62456,false,false,0,object_needed-association_needed-global_ub-global_lb,E,0.1.2,1,1
34.6563,34.6562,34.2482,0.408044,99.9998,723456,696976,696976,false,false,0,object_needed-association_needed-global_ub-global_lb,E,0.1.2,10,1
0.998039,0.998414,0.922534,0.07588,100.038,85352,72568,72568,false,false,0,object_needed-association_needed-global_ub-global_lb,E,0.1.2,2,1
1.6894,1.68995,1.61788,0.072071,100.033,106156,93524,93524,false,false,0,object_needed-association_needed-global_ub-global_lb,E,0.1.2,3,1
2.94992,2.95084,2.81888,0.131957,100.031,138168,124216,124216,false,false,0,object_needed-association_needed-global_ub-global_lb,E,0.1.2,4,1
6.93055,6.93255,6.80462,0.127935,100.029,197996,184976,184976,false,false,0,object_needed-association_needed-global_ub-global_lb,E,0.1.2,5,1
8.00246,8.003,7.81892,0.184086,100.007,247492,231492,231492,false,false,0,object_needed-association_needed-global_ub-global_lb,E,0.1.2,6,1
20.1911,20.1911,19.907,0.284083,100,356548,338896,338896,false,false,0,object_needed-association_needed-global_ub-global_lb,E,0.1.2,7,1
17.0104,17.008,16.7321,0.275978,99.9859,429760,411848,411848,false,false,0,object_needed-association_needed-global_ub-global_lb,E,0.1.2,8,1
33.5894,33.5903,33.1223,0.468057,100.003,606736,584940,584940,false,false,0,object_needed-association_needed-global_ub-global_lb,E,0.1.2,9,1
1.05954,1.05986,0.979875,0.079989,100.031,94504,81940,82872,false,false,0,object_needed-association_needed-global_ub-global_lb,F,0.1.2,13,1
1.10358,1.10389,1.04792,0.055969,100.029,111484,97544,97544,false,false,0,object_needed-association_needed-global_ub-global_lb,F,0.1.2,16,1
0.682282,0.682613,0.610759,0.071854,100.049,70632,58108,58436,false,false,0,object_needed-association_needed-global_ub-global_lb,F,0.1.2,5,1
0.552822,0.553138,0.497023,0.056115,100.057,74072,61376,61376,false,false,0,object_needed-association_needed-global_ub-global_lb,F,0.1.2,7,1
0.82338,0.823795,0.75181,0.071985,100.05,78960,66500,67364,false,false,0,object_needed-association_needed-global_ub-global_lb,F,0.1.2,9,1
0.731892,0.732304,0.680564,0.05174,100.056,75008,62476,62476,false,false,0,object_needed-global_lb,E,0.1.2,1,1
401.676,401.663,401.199,0.464047,99.9969,597716,576056,576056,true,false,0,object_needed-global_lb,E,0.1.2,10,1
0.97616,0.976464,0.908709,0.067755,100.031,85352,72608,72608,false,false,0,object_needed-global_lb,E,0.1.2,2,1
400.195,400.19,400.11,0.08001,99.999,110856,97476,97476,true,false,0,object_needed-global_lb,E,0.1.2,3,1
400.237,400.233,400.069,0.164022,99.9991,138132,124700,124700,true,false,0,object_needed-global_lb,E,0.1.2,4,1
400.288,400.283,400.143,0.140019,99.9986,165376,152396,152396,true,false,0,object_needed-global_lb,E,0.1.2,5,1
400.413,400.41,400.238,0.17202,99.9993,208644,195564,195564,true,false,0,object_needed-global_lb,E,0.1.2,6,1
400.811,400.807,400.579,0.228012,99.999,262864,248960,248960,true,false,0,object_needed-global_lb,E,0.1.2,7,1
400.803,400.799,400.503,0.296065,99.9991,351100,333932,333932,true,false,0,object_needed-global_lb,E,0.1.2,8,1
401.307,401.301,400.973,0.327936,99.9987,439240,421708,421708,true,false,0,object_needed-global_lb,E,0.1.2,9,1
36.6267,36.6265,36.5345,0.092008,99.9995,95336,82476,83568,false,false,0,object_needed-global_lb,F,0.1.2,13,1
1.10339,1.10369,1.03145,0.072243,100.027,111484,97672,97672,false,false,0,object_needed-global_lb,F,0.1.2,16,1
0.667543,0.66798,0.619932,0.048048,100.065,70780,58328,58744,false,false,0,object_needed-global_lb,F,0.1.2,5,1
0.666232,0.666173,0.605977,0.060196,99.9911,74076,61376,61376,false,false,0,object_needed-global_lb,F,0.1.2,7,1
0.949544,0.949825,0.861639,0.088186,100.03,80208,67300,68356,false,false,0,object_needed-global_lb,F,0.1.2,9,1
0.572627,0.572964,0.516902,0.056062,100.059,75020,62248,62248,false,false,0,object_needed-global_lb-association_needed,E,0.1.2,1,1
401.541,401.527,400.987,0.540012,99.9964,598780,577748,577748,true,false,0,object_needed-global_lb-association_needed,E,0.1.2,10,1
1.00468,1.00522,0.925436,0.079781,100.054,84736,72072,72600,false,false,0,object_needed-global_lb-association_needed,E,0.1.2,2,1
400.179,400.169,400.061,0.108011,99.9977,111644,97936,97936,true,false,0,object_needed-global_lb-association_needed,E,0.1.2,3,1
400.233,400.221,400.061,0.160003,99.9968,138864,124812,125276,true,false,0,object_needed-global_lb-association_needed,E,0.1.2,4,1
400.301,400.297,400.141,0.156031,99.9991,165472,152632,152632,true,false,0,object_needed-global_lb-association_needed,E,0.1.2,5,1
400.459,400.457,400.309,0.14797,99.9995,210168,195680,195680,true,false,0,object_needed-global_lb-association_needed,E,0.1.2,6,1
400.747,400.747,400.555,0.192023,99.9999,262864,248684,248684,true,false,0,object_needed-global_lb-association_needed,E,0.1.2,7,1
400.742,400.738,400.514,0.224011,99.9988,351692,334676,334676,true,false,0,object_needed-global_lb-association_needed,E,0.1.2,8,1
401.382,401.36,400.984,0.37578,99.9946,442852,426848,426848,true,false,0,object_needed-global_lb-association_needed,E,0.1.2,9,1
1.35296,1.35322,1.27738,0.075846,100.02,94696,82020,82780,false,false,0,object_needed-global_lb-association_needed,F,0.1.2,13,1
1.11505,1.11529,1.04333,0.071954,100.021,110392,97068,97504,false,false,0,object_needed-global_lb-association_needed,F,0.1.2,16,1
0.708358,0.708763,0.64069,0.068073,100.057,70628,58072,58432,false,false,0,object_needed-global_lb-association_needed,F,0.1.2,5,1
0.673408,0.673396,0.64133,0.032066,99.9982,74080,61396,61396,false,false,0,object_needed-global_lb-association_needed,F,0.1.2,7,1
0.856449,0.856642,0.776952,0.07969,100.023,79696,66808,67864,false,false,0,object_needed-global_lb-association_needed,F,0.1.2,9,1
0.738146,0.738527,0.674676,0.063851,100.052,75012,62340,62340,false,false,0,object_needed-global_lb-association_needed-global_ub,E,0.1.2,1,1
35.5746,35.5747,35.1067,0.467955,100,723484,697124,697124,false,false,0,object_needed-global_lb-association_needed-global_ub,E,0.1.2,10,1
0.836303,0.836617,0.780592,0.056025,100.038,85352,72528,72528,false,false,0,object_needed-global_lb-association_needed-global_ub,E,0.1.2,2,1
1.75381,1.75428,1.66638,0.087895,100.027,106152,93388,93388,false,false,0,object_needed-global_lb-association_needed-global_ub,E,0.1.2,3,1
2.56685,2.5673,2.47534,0.091957,100.017,138180,124424,124424,false,false,0,object_needed-global_lb-association_needed-global_ub,E,0.1.2,4,1
6.66111,6.66085,6.50883,0.152021,99.9962,197996,185060,185060,false,false,0,object_needed-global_lb-association_needed-global_ub,E,0.1.2,5,1
7.30333,7.30375,7.13175,0.171995,100.006,247496,231844,231844,false,false,0,object_needed-global_lb-association_needed-global_ub,E,0.1.2,6,1
18.8353,18.8354,18.5593,0.276057,100.001,356584,338872,338872,false,false,0,object_needed-global_lb-association_needed-global_ub,E,0.1.2,7,1
15.5693,15.5688,15.1726,0.39621,99.9965,429792,411692,411692,false,false,0,object_needed-global_lb-association_needed-global_ub,E,0.1.2,8,1
33.6611,33.6597,33.0477,0.612015,99.9961,606692,584976,584976,false,false,0,object_needed-global_lb-association_needed-global_ub,E,0.1.2,9,1
1.05932,1.05997,0.955972,0.104002,100.062,94500,81820,82784,false,false,0,object_needed-global_lb-association_needed-global_ub,F,0.1.2,13,1
1.1753,1.17569,1.0957,0.079982,100.033,110396,96884,97648,false,false,0,object_needed-global_lb-association_needed-global_ub,F,0.1.2,16,1
0.684759,0.684952,0.6292,0.055752,100.028,70628,58196,58544,false,false,0,object_needed-global_lb-association_needed-global_ub,F,0.1.2,5,1
0.67172,0.671854,0.623858,0.047996,100.02,74084,61388,61388,false,false,0,object_needed-global_lb-association_needed-global_ub,F,0.1.2,7,1
0.830937,0.831626,0.767654,0.063972,100.083,78956,66428,67288,false,false,0,object_needed-global_lb-association_needed-global_ub,F,0.1.2,9,1
0.725973,0.725979,0.674122,0.051857,100.001,75008,62576,62576,false,false,0,object_needed-global_lb-global_ub,E,0.1.2,1,1
25.2344,25.2344,24.7025,0.53191,100,723524,697240,697240,false,false,0,object_needed-global_lb-global_ub,E,0.1.2,10,1
0.992854,0.993204,0.937134,0.05607,100.035,85344,72568,72568,false,false,0,object_needed-global_lb-global_ub,E,0.1.2,2,1
1.71193,1.71224,1.63222,0.080013,100.018,106776,93904,95752,false,false,0,object_needed-global_lb-global_ub,E,0.1.2,3,1
2.52653,2.52726,2.43928,0.087978,100.029,138600,124900,125164,false,false,0,object_needed-global_lb-global_ub,E,0.1.2,4,1
4.60018,4.60029,4.46428,0.136013,100.002,198180,184392,184392,false,false,0,object_needed-global_lb-global_ub,E,0.1.2,5,1
6.20971,6.2103,6.04236,0.167948,100.01,247500,231752,231752,false,false,0,object_needed-global_lb-global_ub,E,0.1.2,6,1
10.8798,10.8804,10.6204,0.259972,100.006,356092,338368,338368,false,false,0,object_needed-global_lb-global_ub,E,0.1.2,7,1
13.2743,13.2739,12.9899,0.284005,99.997,427924,411296,411296,false,false,0,object_needed-global_lb-global_ub,E,0.1.2,8,1
401.715,401.703,401.367,0.335525,99.997,594896,573608,573608,true,false,0,object_needed-global_lb-global_ub,E,0.1.2,9,1
28.8963,28.896,28.8,0.09601,99.999,94816,82200,83300,false,false,0,object_needed-global_lb-global_ub,F,0.1.2,13,1
1.09441,1.09506,0.967171,0.12789,100.06,111480,97192,97456,false,false,0,object_needed-global_lb-global_ub,F,0.1.2,16,1
0.664945,0.665298,0.605167,0.060131,100.053,70824,58248,58644,false,false,0,object_needed-global_lb-global_ub,F,0.1.2,5,1
0.668195,0.668449,0.608409,0.06004,100.038,74076,61368,61368,false,false,0,object_needed-global_lb-global_ub,F,0.1.2,7,1
0.850988,0.851299,0.787352,0.063947,100.037,79700,66768,68348,false,false,0,object_needed-global_lb-global_ub,F,0.1.2,9,1
0.759741,0.759871,0.687894,0.071977,100.017,75016,62404,62404,false,false,0,object_needed-global_lb-global_ub-association_needed,E,0.1.2,1,1
34.8068,34.8066,34.3705,0.436071,99.9994,723508,696872,696872,false,false,0,object_needed-global_lb-global_ub-association_needed,E,0.1.2,10,1
1.00258,1.00293,0.931008,0.071925,100.035,85344,72612,72612,false,false,0,object_needed-global_lb-global_ub-association_needed,E,0.1.2,2,1
1.78381,1.78418,1.72819,0.055993,100.021,108576,95680,95944,false,false,0,object_needed-global_lb-global_ub-association_needed,E,0.1.2,3,1
2.60089,2.60145,2.49354,0.107911,100.022,138612,124736,125000,false,false,0,object_needed-global_lb-global_ub-association_needed,E,0.1.2,4,1
7.83587,7.8363,7.70827,0.128031,100.006,198216,184376,184376,false,false,0,object_needed-global_lb-global_ub-association_needed,E,0.1.2,5,1
7.37021,7.3706,7.19461,0.175987,100.005,247492,231652,231652,false,false,0,object_needed-global_lb-global_ub-association_needed,E,0.1.2,6,1
15.1968,15.1968,14.9608,0.236023,100,355948,338140,338140,false,false,0,object_needed-global_lb-global_ub-association_needed,E,0.1.2,7,1
16.0429,16.0431,15.7551,0.287995,100.001,427944,411136,411136,false,false,0,object_needed-global_lb-global_ub-association_needed,E,0.1.2,8,1
30.2254,30.2252,29.9292,0.296001,99.9993,595848,573884,573884,false,false,0,object_needed-global_lb-global_ub-association_needed,E,0.1.2,9,1
1.07649,1.07682,0.985102,0.09172,100.031,94548,81940,82784,false,false,0,object_needed-global_lb-global_ub-association_needed,F,0.1.2,13,1
1.18191,1.1819,1.09405,0.087843,99.9986,110392,96664,97348,false,false,0,object_needed-global_lb-global_ub-association_needed,F,0.1.2,16,1
0.691916,0.692274,0.612243,0.080031,100.052,71048,58456,58456,false,false,0,object_needed-global_lb-global_ub-association_needed,F,0.1.2,5,1
0.67066,0.671008,0.6071,0.063908,100.052,74080,61256,61256,false,false,0,object_needed-global_lb-global_ub-association_needed,F,0.1.2,7,1
0.830813,0.830784,0.778855,0.051929,99.9965,79828,67312,67832,false,false,0,object_needed-global_lb-global_ub-association_needed,F,0.1.2,9,1
0.734373,0.735062,0.679131,0.055931,100.094,75004,62380,62380,false,false,0,object_needed-global_ub,E,0.1.2,1,1
24.9519,24.9516,24.3636,0.588031,99.9989,723556,697256,697256,false,false,0,object_needed-global_ub,E,0.1.2,10,1
1.08296,1.08334,0.991403,0.091936,100.035,85348,72612,72612,false,false,0,object_needed-global_ub,E,0.1.2,2,1
1.69725,1.69768,1.58555,0.112128,100.026,106928,94160,95600,false,false,0,object_needed-global_ub,E,0.1.2,3,1
3.04052,3.04084,2.91296,0.127873,100.01,138600,124892,124892,false,false,0,object_needed-global_ub,E,0.1.2,4,1
4.62078,4.62122,4.46917,0.152051,100.009,198176,184300,184300,false,false,0,object_needed-global_ub,E,0.1.2,5,1
8.00692,8.00733,7.74737,0.259962,100.005,247508,231556,231556,false,false,0,object_needed-global_ub,E,0.1.2,6,1
10.6926,10.6928,10.4848,0.20802,100.002,356076,338172,338172,false,false,0,object_needed-global_ub,E,0.1.2,7,1
12.8395,12.8397,12.6197,0.21999,100.001,427892,411220,411220,false,false,0,object_needed-global_ub,E,0.1.2,8,1
401.753,401.751,401.363,0.388048,99.9995,594860,573308,573308,true,false,0,object_needed-global_ub,E,0.1.2,9,1
28.7844,28.7848,28.7047,0.080011,100.001,94820,82364,83448,false,false,0,object_needed-global_ub,F,0.1.2,13,1
1.09631,1.09662,1.01658,0.080045,100.028,111476,97448,97448,false,false,0,object_needed-global_ub,F,0.1.2,16,1
0.507737,0.508093,0.460085,0.048008,100.07,70816,58324,58744,false,false,0,object_needed-global_ub,F,0.1.2,5,1
0.665629,0.665917,0.601757,0.06416,100.043,74072,61368,61368,false,false,0,object_needed-global_ub,F,0.1.2,7,1
0.836001,0.836684,0.788645,0.048039,100.082,80176,67448,68504,false,false,0,object_needed-global_ub,F,0.1.2,9,1
0.570524,0.571052,0.52313,0.047922,100.093,75008,62480,62480,false,false,0,object_needed-global_ub-association_needed,E,0.1.2,1,1
32.2175,32.2177,31.8496,0.368054,100.001,723508,697568,697568,false,false,0,object_needed-global_ub-association_needed,E,0.1.2,10,1
0.995731,0.996018,0.932019,0.063999,100.029,85340,72676,72676,false,false,0,object_needed-global_ub-association_needed,E,0.1.2,2,1
1.74644,1.7464,1.70635,0.040056,99.9979,108568,95412,95676,false,false,0,object_needed-global_ub-association_needed,E,0.1.2,3,1
2.54703,2.54732,2.45134,0.095977,100.011,138596,125040,125040,false,false,0,object_needed-global_ub-association_needed,E,0.1.2,4,1
7.48329,7.48365,7.33563,0.148021,100.005,198236,184340,184340,false,false,0,object_needed-global_ub-association_needed,E,0.1.2,5,1
7.13239,7.13284,7.00481,0.128034,100.006,247496,231640,231640,false,false,0,object_needed-global_ub-association_needed,E,0.1.2,6,1
14.8792,14.8787,14.6627,0.216005,99.9968,355976,338204,338204,false,false,0,object_needed-global_ub-association_needed,E,0.1.2,7,1
15.2591,15.2595,14.9875,0.272041,100.003,427920,411028,411028,false,false,0,object_needed-global_ub-association_needed,E,0.1.2,8,1
28.9421,28.9416,28.6497,0.29198,99.9985,606780,585320,585320,false,false,0,object_needed-global_ub-association_needed,E,0.1.2,9,1
0.908711,0.909135,0.857289,0.051846,100.047,95212,82464,82796,false,false,0,object_needed-global_ub-association_needed,F,0.1.2,13,1
1.20739,1.2075,1.15552,0.05198,100.009,111476,97208,97472,false,false,0,object_needed-global_ub-association_needed,F,0.1.2,16,1
0.714679,0.715144,0.659211,0.055933,100.065,71048,58316,58316,false,false,0,object_needed-global_ub-association_needed,F,0.1.2,5,1
0.680079,0.680449,0.592906,0.087543,100.054,74080,61176,61176,false,false,0,object_needed-global_ub-association_needed,F,0.1.2,7,1
0.829408,0.829392,0.785345,0.044047,99.9981,79824,67356,67876,false,false,0,object_needed-global_ub-association_needed,F,0.1.2,9,1
0.756936,0.757646,0.685868,0.071778,100.094,75024,62600,62600,false,false,0,object_needed-global_ub-association_needed-global_lb,E,0.1.2,1,1
32.5193,32.5189,32.0229,0.495943,99.9986,723508,697056,697056,false,false,0,object_needed-global_ub-association_needed-global_lb,E,0.1.2,10,1
0.904823,0.905712,0.845594,0.060118,100.098,84720,71904,72432,false,false,0,object_needed-global_ub-association_needed-global_lb,E,0.1.2,2,1
1.76503,1.76551,1.68962,0.075894,100.027,108576,95480,95744,false,false,0,object_needed-global_ub-association_needed-global_lb,E,0.1.2,3,1
2.65263,2.65304,2.573,0.080033,100.015,138596,124988,124988,false,false,0,object_needed-global_ub-association_needed-global_lb,E,0.1.2,4,1
7.75005,7.75037,7.57438,0.175995,100.004,198216,184408,184408,false,false,0,object_needed-global_ub-association_needed-global_lb,E,0.1.2,5,1
7.3447,7.34496,7.17692,0.168042,100.004,247496,231508,231508,false,false,0,object_needed-global_ub-association_needed-global_lb,E,0.1.2,6,1
15.1296,15.1299,14.8659,0.264041,100.002,355960,337996,337996,false,false,0,object_needed-global_ub-association_needed-global_lb,E,0.1.2,7,1
15.8704,15.8691,15.5931,0.275945,99.9915,427928,410780,410780,false,false,0,object_needed-global_ub-association_needed-global_lb,E,0.1.2,8,1
29.3938,29.3937,28.9695,0.424213,99.9995,594828,573532,573532,false,false,0,object_needed-global_ub-association_needed-global_lb,E,0.1.2,9,1
1.07033,1.0707,0.986799,0.083899,100.035,94544,81988,82884,false,false,0,object_needed-global_ub-association_needed-global_lb,F,0.1.2,13,1
1.19149,1.19183,1.11584,0.075989,100.028,111488,97484,97484,false,false,0,object_needed-global_ub-association_needed-global_lb,F,0.1.2,16,1
0.684038,0.684272,0.624608,0.059664,100.034,70624,58124,58468,false,false,0,object_needed-global_ub-association_needed-global_lb,F,0.1.2,5,1
0.680157,0.680505,0.628443,0.052062,100.051,73948,61280,61280,false,false,0,object_needed-global_ub-association_needed-global_lb,F,0.1.2,7,1
0.832196,0.832572,0.748515,0.084057,100.045,79828,67188,67700,false,false,0,object_needed-global_ub-association_needed-global_lb,F,0.1.2,9,1
0.726857,0.727232,0.691268,0.035964,100.052,75008,62396,62396,false,false,0,object_needed-global_ub-global_lb,E,0.1.2,1,1
25.1257,25.1252,24.6411,0.484088,99.998,723528,697180,697180,false,false,0,object_needed-global_ub-global_lb,E,0.1.2,10,1
0.981991,0.982388,0.930473,0.051915,100.04,85344,72468,72468,false,false,0,object_needed-global_ub-global_lb,E,0.1.2,2,1
1.68609,1.68615,1.61026,0.075894,100.004,106756,93748,95596,false,false,0,object_needed-global_ub-global_lb,E,0.1.2,3,1
2.55858,2.55894,2.47497,0.083969,100.014,138616,124756,125020,false,false,0,object_needed-global_ub-global_lb,E,0.1.2,4,1
4.6638,4.66349,4.5035,0.15999,99.9933,198164,184260,184260,false,false,0,object_needed-global_ub-global_lb,E,0.1.2,5,1
6.10253,6.10278,5.96671,0.136068,100.004,247500,231468,231468,false,false,0,object_needed-global_ub-global_lb,E,0.1.2,6,1
10.6112,10.6109,10.3748,0.236013,99.997,356088,338352,338352,false,false,0,object_needed-global_ub-global_lb,E,0.1.2,7,1
13.2072,13.2069,12.9109,0.296004,99.9976,427908,411036,411036,false,false,0,object_needed-global_ub-global_lb,E,0.1.2,8,1
401.652,401.633,401.293,0.339923,99.9953,594880,572712,572712,true,false,0,object_needed-global_ub-global_lb,E,0.1.2,9,1
28.8543,28.853,28.773,0.080008,99.9957,94820,82220,83308,false,false,0,object_needed-global_ub-global_lb,F,0.1.2,13,1
1.05934,1.05971,0.975735,0.083979,100.035,110392,96828,97504,false,false,0,object_needed-global_ub-global_lb,F,0.1.2,16,1
0.657014,0.657365,0.589637,0.067728,100.053,70788,58492,58880,false,false,0,object_needed-global_ub-global_lb,F,0.1.2,5,1
0.657018,0.657373,0.609269,0.048104,100.054,74076,61384,61384,false,false,0,object_needed-global_ub-global_lb,F,0.1.2,7,1
0.834354,0.834996,0.770764,0.064232,100.077,80176,67208,68264,false,false,0,object_needed-global_ub-global_lb,F,0.1.2,9,1
0.741003,0.741042,0.665341,0.075701,100.005,75016,62440,62440,false,false,0,object_needed-global_ub-global_lb-association_needed,E,0.1.2,1,1
32.5037,32.5031,32.0551,0.448008,99.9982,723556,697452,697452,false,false,0,object_needed-global_ub-global_lb-association_needed,E,0.1.2,10,1
1.0039,1.0046,0.940557,0.06404,100.069,84736,72124,72652,false,false,0,object_needed-global_ub-global_lb-association_needed,E,0.1.2,2,1
1.64912,1.64946,1.5416,0.107863,100.02,108576,95504,95768,false,false,0,object_needed-global_ub-global_lb-association_needed,E,0.1.2,3,1
2.57923,2.57967,2.4757,0.103971,100.017,138592,124964,124964,false,false,0,object_needed-global_ub-global_lb-association_needed,E,0.1.2,4,1
7.79005,7.79057,7.63859,0.151986,100.007,198228,184500,184500,false,false,0,object_needed-global_ub-global_lb-association_needed,E,0.1.2,5,1
7.16021,7.16059,6.98856,0.172032,100.005,247520,231632,231632,false,false,0,object_needed-global_ub-global_lb-association_needed,E,0.1.2,6,1
14.87,14.8706,14.6266,0.244017,100.004,355980,338616,338616,false,false,0,object_needed-global_ub-global_lb-association_needed,E,0.1.2,7,1
15.5085,15.5076,15.2595,0.248037,99.9938,427920,410896,410896,false,false,0,object_needed-global_ub-global_lb-association_needed,E,0.1.2,8,1
28.7934,28.7919,28.3999,0.391969,99.9946,594824,574188,574188,false,false,0,object_needed-global_ub-global_lb-association_needed,E,0.1.2,9,1
1.06813,1.06819,0.984175,0.084015,100.006,94544,81836,82744,false,false,0,object_needed-global_ub-global_lb-association_needed,F,0.1.2,13,1
1.01877,1.01941,0.983432,0.03598,100.063,111480,97348,97612,false,false,0,object_needed-global_ub-global_lb-association_needed,F,0.1.2,16,1
0.517525,0.517887,0.465695,0.052192,100.07,71052,58508,58508,false,false,0,object_needed-global_ub-global_lb-association_needed,F,0.1.2,5,1
0.673747,0.674011,0.613832,0.060179,100.039,73952,61248,61248,false,false,0,object_needed-global_ub-global_lb-association_needed,F,0.1.2,7,1
0.655772,0.656108,0.624101,0.032007,100.051,79816,67224,67740,false,false,0,object_needed-global_ub-global_lb-association_needed,F,0.1.2,9,1
