{
    "13": {
        "time": 1.4411125977834065,
        "time-solving": 0.4056095282236735,
        "time-grounding": 0.9402344226837158,
        "per-domain-grounding": {
            "0": 0.0035022894541422525,
            "31": 0.06703869501749675
        },
        "per-domain-solving": {
            "31": 0.21119030316670737
        }
    },
    "14": {
        "time": 1.8780543804168701,
        "time-solving": 0.4353930155436198,
        "time-grounding": 1.3523743947347004,
        "per-domain-grounding": {
            "0": 0.003738880157470703,
            "33": 0.07481765747070312
        },
        "per-domain-solving": {
            "33": 0.1979846954345703
        }
    },
    "15": {
        "time": 2.057680288950602,
        "time-solving": 0.5803239345550537,
        "time-grounding": 1.3783353169759114,
        "per-domain-grounding": {
            "0": 0.0037899017333984375,
            "35": 0.08745137850443523
        },
        "per-domain-solving": {
            "35": 0.3134449323018392
        }
    },
    "16": {
        "time": 2.4275686740875244,
        "time-solving": 0.6972877979278564,
        "time-grounding": 1.6150140762329102,
        "per-domain-grounding": {
            "0": 0.004103263219197591,
            "37": 0.14487369855244955
        },
        "per-domain-solving": {
            "37": 0.40065519014994305
        }
    },
    "17": {
        "time": 2.2476348876953125,
        "time-solving": 0.6431210041046143,
        "time-grounding": 1.4846990903218586,
        "per-domain-grounding": {
            "0": 0.00357667605082194,
            "39": 0.0851438045501709
        },
        "per-domain-solving": {
            "39": 0.3334256013234456
        }
    },
    "18": {
        "time": 3.177563428878784,
        "time-solving": 1.38046399752299,
        "time-grounding": 1.6815947691599529,
        "per-domain-grounding": {
            "0": 0.003437042236328125,
            "41": 0.09529964129130046
        },
        "per-domain-solving": {
            "41": 1.0283199946085613
        }
    }
}