{
    "13": {
        "time": 0.22096967697143555,
        "time-solving": 0.0006160736083984375,
        "time-grounding": 0.1705760955810547,
        "per-domain-grounding": {
            "0": 0.0031850337982177734,
            "31": 0.0054247379302978516
        },
        "per-domain-solving": {
            "31": 3.6716461181640625e-05
        }
    },
    "14": {
        "time": 0.22436904907226562,
        "time-solving": 0.0006008942921956381,
        "time-grounding": 0.18408743540445963,
        "per-domain-grounding": {
            "0": 0.002928654352823893,
            "33": 0.0056162675221761065
        },
        "per-domain-solving": {
            "33": 2.8848648071289062e-05
        }
    },
    "15": {
        "time": 0.23469106356302896,
        "time-solving": 0.0006016095479329427,
        "time-grounding": 0.1933282216389974,
        "per-domain-grounding": {
            "0": 0.0029157002766927085,
            "35": 0.005356391270955403
        },
        "per-domain-solving": {
            "35": 2.757708231608073e-05
        }
    },
    "16": {
        "time": 0.31633798281351727,
        "time-solving": 0.0007775624593098959,
        "time-grounding": 0.2644069989522298,
        "per-domain-grounding": {
            "0": 0.0029699007670084634,
            "37": 0.007264057795206706
        },
        "per-domain-solving": {
            "37": 3.067652384440104e-05
        }
    },
    "17": {
        "time": 0.31693530082702637,
        "time-solving": 0.0008904139200846354,
        "time-grounding": 0.26146189371744794,
        "per-domain-grounding": {
            "0": 0.0034577051798502603,
            "39": 0.006028811136881511
        },
        "per-domain-solving": {
            "39": 3.20275624593099e-05
        }
    },
    "18": {
        "time": 0.38199567794799805,
        "time-solving": 0.0008703867594401041,
        "time-grounding": 0.32339755694071454,
        "per-domain-grounding": {
            "0": 0.0032133261362711587,
            "41": 0.007656971613566081
        },
        "per-domain-solving": {
            "41": 3.226598103841146e-05
        }
    }
}