{
    "8": {
        "time": 1.7706190347671509,
        "time-solving": 1.006515383720398,
        "time-grounding": 0.5770227909088135,
        "per-domain-grounding": {
            "0": 0.0051310062408447266,
            "8": 0.024474620819091797,
            "9": 0.02778303623199463,
            "10": 0.02802443504333496,
            "11": 0.0387730598449707,
            "12": 0.033968448638916016,
            "13": 0.024409174919128418,
            "14": 0.030022859573364258,
            "15": 0.028338074684143066,
            "16": 0.03904604911804199,
            "17": 0.034068942070007324,
            "18": 0.03220498561859131,
            "19": 0.03701591491699219,
            "20": 0.03795647621154785,
            "21": 0.04322612285614014
        },
        "per-domain-solving": {
            "8": 0.0004215240478515625,
            "9": 0.0005483627319335938,
            "10": 0.0019805431365966797,
            "11": 0.0034804344177246094,
            "12": 0.001170516014099121,
            "13": 0.0016440153121948242,
            "14": 0.03751194477081299,
            "15": 0.012552022933959961,
            "16": 0.009249567985534668,
            "17": 0.028650879859924316,
            "18": 0.0512465238571167,
            "19": 0.15121686458587646,
            "20": 0.44722235202789307,
            "21": 0.08407366275787354
        }
    },
    "9": {
        "time": 6.439821481704712,
        "time-solving": 5.7799073457717896,
        "time-grounding": 0.560041069984436,
        "per-domain-grounding": {
            "0": 0.003994107246398926,
            "9": 0.017053961753845215,
            "10": 0.017697691917419434,
            "11": 0.020486950874328613,
            "12": 0.022556543350219727,
            "13": 0.02413642406463623,
            "14": 0.024763107299804688,
            "15": 0.026494503021240234,
            "16": 0.02799046039581299,
            "17": 0.03029799461364746,
            "18": 0.03761446475982666,
            "19": 0.03870594501495361,
            "20": 0.04156684875488281,
            "21": 0.044425129890441895,
            "22": 0.05071592330932617,
            "23": 0.042879581451416016
        },
        "per-domain-solving": {
            "9": 0.0004709959030151367,
            "10": 0.0005240440368652344,
            "11": 0.0009158849716186523,
            "12": 0.0008705854415893555,
            "13": 0.001040816307067871,
            "14": 0.0022023916244506836,
            "15": 0.0387500524520874,
            "16": 0.271781325340271,
            "17": 0.4652045965194702,
            "18": 0.03638505935668945,
            "19": 0.07484304904937744,
            "20": 0.5821249485015869,
            "21": 0.7362784147262573,
            "22": 3.3310046195983887,
            "23": 0.046324968338012695
        }
    },
    "10": {
        "time": 67.54897165298462,
        "time-solving": 66.86594533920288,
        "time-grounding": 0.5792680978775024,
        "per-domain-grounding": {
            "0": 0.0034639835357666016,
            "10": 0.014829635620117188,
            "11": 0.017139792442321777,
            "12": 0.018736958503723145,
            "13": 0.0198974609375,
            "14": 0.02166306972503662,
            "15": 0.023541927337646484,
            "16": 0.025664567947387695,
            "17": 0.027975082397460938,
            "18": 0.03462851047515869,
            "19": 0.03088092803955078,
            "20": 0.034710049629211426,
            "21": 0.036454081535339355,
            "22": 0.039756059646606445,
            "23": 0.04300951957702637,
            "24": 0.05003392696380615,
            "25": 0.049654364585876465
        },
        "per-domain-solving": {
            "10": 0.0004241466522216797,
            "11": 0.000542759895324707,
            "12": 0.0007268190383911133,
            "13": 0.0008587837219238281,
            "14": 0.001047372817993164,
            "15": 0.0020024776458740234,
            "16": 0.042827486991882324,
            "17": 0.006872653961181641,
            "18": 0.08551681041717529,
            "19": 0.027967095375061035,
            "20": 0.060910940170288086,
            "21": 0.1499335765838623,
            "22": 0.8130183219909668,
            "23": 2.5061845779418945,
            "24": 62.9278279542923,
            "25": 0.025198936462402344
        }
    }
}