{
    "12": {
        "time": 0.3827528953552246,
        "time-solving": 0.0,
        "time-grounding": 0.1590421199798584,
        "per-domain-grounding": {
            "0": 0.0033981800079345703,
            "12": 0.019791126251220703
        },
        "per-domain-solving": {}
    },
    "13": {
        "time": 0.41586506366729736,
        "time-solving": 0.0,
        "time-grounding": 0.17123723030090332,
        "per-domain-grounding": {
            "0": 0.0036429166793823242,
            "13": 0.01980149745941162
        },
        "per-domain-solving": {}
    },
    "14": {
        "time": 0.5099999904632568,
        "time-solving": 0.0,
        "time-grounding": 0.19427120685577393,
        "per-domain-grounding": {
            "0": 0.003388047218322754,
            "14": 0.021504998207092285
        },
        "per-domain-solving": {}
    },
    "15": {
        "time": 0.5722548961639404,
        "time-solving": 0.0,
        "time-grounding": 0.21755051612854004,
        "per-domain-grounding": {
            "0": 0.0034714937210083008,
            "15": 0.02365708351135254
        },
        "per-domain-solving": {}
    },
    "16": {
        "time": 0.7431704998016357,
        "time-solving": 0.0,
        "time-grounding": 0.24457013607025146,
        "per-domain-grounding": {
            "0": 0.0035935640335083008,
            "16": 0.026719093322753906
        },
        "per-domain-solving": {}
    }
}