{
    "12": {
        "time": 0.2855850060780843,
        "time-solving": 0.0,
        "time-grounding": 0.16916600863138834,
        "per-domain-grounding": {
            "0": 0.003258307774861654,
            "12": 0.021326700846354168
        },
        "per-domain-solving": {}
    },
    "13": {
        "time": 0.26410365104675293,
        "time-solving": 0.0,
        "time-grounding": 0.1730957825978597,
        "per-domain-grounding": {
            "0": 0.0033462842305501304,
            "13": 0.021174271901448567
        },
        "per-domain-solving": {}
    },
    "14": {
        "time": 0.3002966245015462,
        "time-solving": 0.0,
        "time-grounding": 0.19894075393676758,
        "per-domain-grounding": {
            "0": 0.0031763712565104165,
            "14": 0.022284666697184246
        },
        "per-domain-solving": {}
    },
    "15": {
        "time": 0.3349290688832601,
        "time-solving": 0.0,
        "time-grounding": 0.22484850883483887,
        "per-domain-grounding": {
            "0": 0.003044287363688151,
            "15": 0.02356298764546712
        },
        "per-domain-solving": {}
    },
    "16": {
        "time": 0.39714328447977704,
        "time-solving": 0.0,
        "time-grounding": 0.25591397285461426,
        "per-domain-grounding": {
            "0": 0.0035916964213053384,
            "16": 0.030850807825724285
        },
        "per-domain-solving": {}
    }
}