{
    "12": {
        "time": 0.10265588760375977,
        "time-solving": 0.0,
        "time-grounding": 0.0773993730545044,
        "per-domain-grounding": {
            "0": 0.0034019947052001953,
            "12": 0.005817532539367676
        },
        "per-domain-solving": {}
    },
    "13": {
        "time": 0.13524699211120605,
        "time-solving": 0.0,
        "time-grounding": 0.08253836631774902,
        "per-domain-grounding": {
            "0": 0.0030590295791625977,
            "13": 0.00624692440032959
        },
        "per-domain-solving": {}
    },
    "14": {
        "time": 0.13308513164520264,
        "time-solving": 0.0,
        "time-grounding": 0.10484194755554199,
        "per-domain-grounding": {
            "0": 0.00439608097076416,
            "14": 0.006614565849304199
        },
        "per-domain-solving": {}
    },
    "15": {
        "time": 0.14460062980651855,
        "time-solving": 0.0,
        "time-grounding": 0.11682868003845215,
        "per-domain-grounding": {
            "0": 0.00367891788482666,
            "15": 0.008081555366516113
        },
        "per-domain-solving": {}
    },
    "16": {
        "time": 0.11798262596130371,
        "time-solving": 0.0,
        "time-grounding": 0.09335553646087646,
        "per-domain-grounding": {
            "0": 0.003716111183166504,
            "16": 0.005383968353271484
        },
        "per-domain-solving": {}
    }
}