{
    "13": {
        "time": 4.646348317464192,
        "time-solving": 1.3817428747812908,
        "time-grounding": 3.0534658432006836,
        "per-domain-grounding": {
            "0": 0.003965695699055989,
            "31": 0.31870230038960773
        },
        "per-domain-solving": {
            "31": 0.1422290007273356
        }
    },
    "14": {
        "time": 6.955840428670247,
        "time-solving": 2.1577380498250327,
        "time-grounding": 4.50185489654541,
        "per-domain-grounding": {
            "0": 0.0043946107228597,
            "33": 0.4476643403371175
        },
        "per-domain-solving": {
            "33": 0.2497719923655192
        }
    },
    "15": {
        "time": 7.4555628299713135,
        "time-solving": 2.5610321362813315,
        "time-grounding": 4.601409196853638,
        "per-domain-grounding": {
            "0": 0.0048266251881917315,
            "35": 0.35964282353719074
        },
        "per-domain-solving": {
            "35": 0.3678523699442546
        }
    },
    "16": {
        "time": 10.00389059384664,
        "time-solving": 3.3409945964813232,
        "time-grounding": 6.318366130193074,
        "per-domain-grounding": {
            "0": 0.004236300786336263,
            "37": 0.594297726949056
        },
        "per-domain-solving": {
            "37": 0.4927053451538086
        }
    },
    "17": {
        "time": 11.25785239537557,
        "time-solving": 3.7604735692342124,
        "time-grounding": 7.012110948562622,
        "per-domain-grounding": {
            "0": 0.004236300786336263,
            "39": 0.4960025946299235
        },
        "per-domain-solving": {
            "39": 0.7674651940663656
        }
    },
    "18": {
        "time": 10.899758179982504,
        "time-solving": 3.4055206775665283,
        "time-grounding": 7.011391719182332,
        "per-domain-grounding": {
            "0": 0.004053036371866862,
            "41": 0.4550662040710449
        },
        "per-domain-solving": {
            "41": 0.34516366322835285
        }
    }
}