{
    "13": {
        "time": 4.984654903411865,
        "time-solving": 1.5255362192789714,
        "time-grounding": 3.2494656244913735,
        "per-domain-grounding": {
            "0": 0.004128694534301758,
            "31": 0.32904640833536786
        },
        "per-domain-solving": {
            "31": 0.17223660151163736
        }
    },
    "14": {
        "time": 6.177306652069092,
        "time-solving": 1.9053843021392822,
        "time-grounding": 4.028272310892741,
        "per-domain-grounding": {
            "0": 0.004009087880452474,
            "33": 0.33953460057576496
        },
        "per-domain-solving": {
            "33": 0.19031429290771484
        }
    },
    "15": {
        "time": 7.108734846115112,
        "time-solving": 2.326129992802938,
        "time-grounding": 4.509208917617798,
        "per-domain-grounding": {
            "0": 0.00404969851175944,
            "35": 0.4079345067342122
        },
        "per-domain-solving": {
            "35": 0.31147297223409015
        }
    },
    "16": {
        "time": 7.481998364130656,
        "time-solving": 2.484933694203695,
        "time-grounding": 4.710594495137532,
        "per-domain-grounding": {
            "0": 0.003939708073933919,
            "37": 0.360654354095459
        },
        "per-domain-solving": {
            "37": 0.346190611521403
        }
    },
    "17": {
        "time": 8.613577286402384,
        "time-solving": 2.9990959962209067,
        "time-grounding": 5.271406730016072,
        "per-domain-grounding": {
            "0": 0.003809690475463867,
            "39": 0.39461930592854816
        },
        "per-domain-solving": {
            "39": 0.5342117150624593
        }
    },
    "18": {
        "time": 9.613607247670492,
        "time-solving": 3.2369115352630615,
        "time-grounding": 6.006293694178264,
        "per-domain-grounding": {
            "0": 0.003796100616455078,
            "41": 0.4158848126729329
        },
        "per-domain-solving": {
            "41": 0.3186785380045573
        }
    }
}