{
    "8": {
        "time": 3.3827245235443115,
        "time-solving": 2.026346445083618,
        "time-grounding": 1.1804786920547485,
        "per-domain-grounding": {
            "0": 0.0054215192794799805,
            "8": 0.033284664154052734,
            "9": 0.12353646755218506,
            "10": 0.04033792018890381,
            "11": 0.04850590229034424,
            "12": 0.053721070289611816,
            "13": 0.05348038673400879,
            "14": 0.0643014907836914,
            "15": 0.06396245956420898,
            "16": 0.07290494441986084,
            "17": 0.09158527851104736,
            "18": 0.08852815628051758,
            "19": 0.09127795696258545,
            "20": 0.10482752323150635,
            "21": 0.10793566703796387
        },
        "per-domain-solving": {
            "8": 0.0009164810180664062,
            "9": 0.0019240379333496094,
            "10": 0.001556396484375,
            "11": 0.0026813745498657227,
            "12": 0.002961874008178711,
            "13": 0.005342841148376465,
            "14": 0.0066754817962646484,
            "15": 0.01138150691986084,
            "16": 0.02181100845336914,
            "17": 0.0352860689163208,
            "18": 0.10531675815582275,
            "19": 0.2798343896865845,
            "20": 0.7513735294342041,
            "21": 0.03208160400390625
        }
    },
    "9": {
        "time": 7.448971390724182,
        "time-solving": 6.16376268863678,
        "time-grounding": 1.1272976398468018,
        "per-domain-grounding": {
            "0": 0.003522038459777832,
            "9": 0.025645017623901367,
            "10": 0.02893054485321045,
            "11": 0.033556461334228516,
            "12": 0.03850984573364258,
            "13": 0.04116702079772949,
            "14": 0.047884225845336914,
            "15": 0.054184556007385254,
            "16": 0.05897164344787598,
            "17": 0.06562507152557373,
            "18": 0.08019804954528809,
            "19": 0.0867384672164917,
            "20": 0.0932455062866211,
            "21": 0.09918081760406494,
            "22": 0.1276090145111084,
            "23": 0.12876605987548828
        },
        "per-domain-solving": {
            "9": 0.0008040666580200195,
            "10": 0.0011911392211914062,
            "11": 0.0021134614944458008,
            "12": 0.0021514892578125,
            "13": 0.0029230117797851562,
            "14": 0.005301833152770996,
            "15": 0.006794571876525879,
            "16": 0.011624574661254883,
            "17": 0.0161895751953125,
            "18": 0.05228853225708008,
            "19": 0.0850222110748291,
            "20": 0.22721493244171143,
            "21": 0.8028247356414795,
            "22": 4.186062455177307,
            "23": 0.02997446060180664
        }
    },
    "10": {
        "time": 59.560182929039,
        "time-solving": 57.48031294345856,
        "time-grounding": 1.8399386405944824,
        "per-domain-grounding": {
            "0": 0.005933046340942383,
            "10": 0.0327913761138916,
            "11": 0.03663194179534912,
            "12": 0.043773531913757324,
            "13": 0.044156432151794434,
            "14": 0.049091458320617676,
            "15": 0.055216431617736816,
            "16": 0.06146812438964844,
            "17": 0.07771956920623779,
            "18": 0.08638298511505127,
            "19": 0.0963665246963501,
            "20": 0.10440587997436523,
            "21": 0.11058604717254639,
            "22": 0.12218821048736572,
            "23": 0.1335444450378418,
            "24": 0.15731894969940186,
            "25": 0.4684414863586426
        },
        "per-domain-solving": {
            "10": 0.0011839866638183594,
            "11": 0.0017179250717163086,
            "12": 0.0025998353958129883,
            "13": 0.003077983856201172,
            "14": 0.0034426450729370117,
            "15": 0.006366133689880371,
            "16": 0.007911920547485352,
            "17": 0.01443791389465332,
            "18": 0.024013996124267578,
            "19": 0.04053699970245361,
            "20": 0.1337583065032959,
            "21": 0.32043612003326416,
            "22": 1.0319831371307373,
            "23": 3.7621729373931885,
            "24": 51.00320887565613,
            "25": 0.026523828506469727
        }
    }
}