{
    "12": {
        "time": 1.7233476638793945,
        "time-solving": 0.0,
        "time-grounding": 0.32899928092956543,
        "per-domain-grounding": {
            "0": 0.004587531089782715,
            "12": 0.057279348373413086
        },
        "per-domain-solving": {}
    },
    "13": {
        "time": 3.6035103797912598,
        "time-solving": 0.0,
        "time-grounding": 0.4972730875015259,
        "per-domain-grounding": {
            "0": 0.005714535713195801,
            "13": 0.05560004711151123
        },
        "per-domain-solving": {}
    },
    "14": {
        "time": 6.367030501365662,
        "time-solving": 0.0,
        "time-grounding": 0.3497614860534668,
        "per-domain-grounding": {
            "0": 0.004210948944091797,
            "14": 0.0537644624710083
        },
        "per-domain-solving": {}
    },
    "15": {
        "time": 18.11284303665161,
        "time-solving": 0.0,
        "time-grounding": 0.44845497608184814,
        "per-domain-grounding": {
            "0": 0.004001140594482422,
            "15": 0.06388401985168457
        },
        "per-domain-solving": {}
    },
    "16": {
        "time": 48.61790096759796,
        "time-solving": 0.0,
        "time-grounding": 0.46526217460632324,
        "per-domain-grounding": {
            "0": 0.0038775205612182617,
            "16": 0.06674444675445557
        },
        "per-domain-solving": {}
    }
}