{
    "1": {
        "time": 0.2487339973449707,
        "time-solving": 0.05316305160522461,
        "time-grounding": 0.16039395332336426,
        "timeout": 0,
        "size": 9,
        "domain_size": 9,
        "per-domain-grounding": {
            "0": 0.0012049674987792969,
            "1": 0.003228902816772461,
            "9": 0.04013800621032715
        },
        "per-domain-solving": {
            "1": 0.0029230117797851562,
            "9": 0.05024003982543945
        }
    },
    "2": {
        "time": 1.5156800746917725,
        "time-solving": 0.3172788619995117,
        "time-grounding": 1.154045820236206,
        "timeout": 0,
        "size": 18,
        "domain_size": 18,
        "per-domain-grounding": {
            "0": 0.0012197494506835938,
            "2": 0.004884004592895508,
            "10": 0.04762697219848633,
            "18": 0.1868298053741455
        },
        "per-domain-solving": {
            "2": 0.0039670467376708984,
            "10": 0.05736207962036133,
            "18": 0.2559497356414795
        }
    },
    "3": {
        "time": 5.324690103530884,
        "time-solving": 1.0616629123687744,
        "time-grounding": 4.1932291984558105,
        "timeout": 0,
        "size": 27,
        "domain_size": 27,
        "per-domain-grounding": {
            "0": 0.0012230873107910156,
            "3": 0.008002996444702148,
            "11": 0.05585789680480957,
            "19": 0.2038860321044922,
            "27": 0.48799681663513184
        },
        "per-domain-solving": {
            "3": 0.005826711654663086,
            "11": 0.07582688331604004,
            "19": 0.269193172454834,
            "27": 0.7108161449432373
        }
    },
    "4": {
        "time": 13.470525026321411,
        "time-solving": 2.5555479526519775,
        "time-grounding": 10.772833108901978,
        "timeout": 0,
        "size": 36,
        "domain_size": 36,
        "per-domain-grounding": {
            "0": 0.0012099742889404297,
            "4": 0.012135982513427734,
            "12": 0.06689310073852539,
            "20": 0.26536107063293457,
            "28": 0.5429160594940186,
            "36": 0.924558162689209
        },
        "per-domain-solving": {
            "4": 0.009455204010009766,
            "12": 0.09714293479919434,
            "20": 0.33836793899536133,
            "28": 0.6817169189453125,
            "36": 1.4288649559020996
        }
    },
    "5": {
        "time": 28.58006501197815,
        "time-solving": 5.4018614292144775,
        "time-grounding": 22.963248014450073,
        "timeout": 0,
        "size": 45,
        "domain_size": 45,
        "per-domain-grounding": {
            "0": 0.0013079643249511719,
            "5": 0.015369176864624023,
            "13": 0.09361004829406738,
            "21": 0.2782480716705322,
            "29": 0.5456318855285645,
            "37": 1.0496609210968018,
            "45": 1.6748428344726562
        },
        "per-domain-solving": {
            "5": 0.013282060623168945,
            "13": 0.1616230010986328,
            "21": 0.4189779758453369,
            "29": 0.8070039749145508,
            "37": 1.3941130638122559,
            "45": 2.6068613529205322
        }
    },
    "6": {
        "time": 51.09750699996948,
        "time-solving": 9.018126487731934,
        "time-grounding": 41.75244450569153,
        "timeout": 0,
        "size": 54,
        "domain_size": 54,
        "per-domain-grounding": {
            "0": 0.001180887222290039,
            "6": 0.01928114891052246,
            "14": 0.11115598678588867,
            "22": 0.2863192558288574,
            "30": 0.6225838661193848,
            "38": 1.0385830402374268,
            "46": 1.8165009021759033,
            "54": 2.3767940998077393
        },
        "per-domain-solving": {
            "6": 0.018096923828125,
            "14": 0.13374972343444824,
            "22": 0.40763282775878906,
            "30": 0.8883767127990723,
            "38": 1.4266271591186523,
            "46": 2.3126912117004395,
            "54": 3.8309519290924072
        }
    }
}