{
    "8": {
        "time": 21.12811589241028,
        "time-solving": 16.501887321472168,
        "time-grounding": 4.504983425140381,
        "timeout": 0,
        "size": 23,
        "domain_size": 23,
        "per-domain-grounding": {
            "0": 0.0015459060668945312,
            "8": 0.0478360652923584,
            "11": 0.11190485954284668,
            "14": 0.1887669563293457,
            "17": 0.2850308418273926,
            "20": 0.39542698860168457,
            "23": 0.5420370101928711
        },
        "per-domain-solving": {
            "8": 0.06497883796691895,
            "11": 0.14548182487487793,
            "14": 0.3162713050842285,
            "17": 3.9118471145629883,
            "20": 6.688109874725342,
            "23": 5.3751983642578125
        }
    },
    "9": {
        "time": 60.01222515106201,
        "time-solving": 0.0,
        "time-grounding": 0.0,
        "timeout": 1,
        "size": 0,
        "domain_size": 0
    },
    "10": {
        "time": 145.9351921081543,
        "time-solving": 0.0,
        "time-grounding": 0.0,
        "timeout": 1,
        "size": 0,
        "domain_size": 0
    },
    "11": {
        "time": 84.90895199775696,
        "time-solving": 0.0,
        "time-grounding": 0.0,
        "timeout": 1,
        "size": 0,
        "domain_size": 0
    },
    "12": {
        "time": 945.9020519256592,
        "time-solving": 0.0,
        "time-grounding": 0.0,
        "timeout": 1,
        "size": 0,
        "domain_size": 0
    }
}