{
    "8": {
        "time": 14.866455793380737,
        "time-solving": 9.199796676635742,
        "time-grounding": 5.558161735534668,
        "timeout": 0,
        "size": 23,
        "domain_size": 24,
        "per-domain-grounding": {
            "0": 0.0014910697937011719,
            "8": 0.058074951171875,
            "12": 0.15044498443603516,
            "16": 0.27277088165283203,
            "20": 0.4254028797149658,
            "24": 0.6513960361480713
        },
        "per-domain-solving": {
            "8": 0.09082198143005371,
            "12": 0.22338318824768066,
            "16": 2.6655962467193604,
            "20": 4.0676963329315186,
            "24": 2.152298927307129
        }
    },
    "9": {
        "time": 466.7175350189209,
        "time-solving": 460.12415862083435,
        "time-grounding": 6.398463010787964,
        "timeout": 0,
        "size": 25,
        "domain_size": 25,
        "per-domain-grounding": {
            "0": 0.0016028881072998047,
            "9": 0.0679008960723877,
            "13": 0.17168092727661133,
            "17": 0.32073211669921875,
            "21": 0.5418810844421387,
            "25": 0.699711799621582
        },
        "per-domain-solving": {
            "9": 0.1065669059753418,
            "13": 0.24140596389770508,
            "17": 449.1313576698303,
            "21": 7.024285078048706,
            "25": 3.6205430030822754
        }
    },
    "10": {
        "time": 53.5448682308197,
        "time-solving": 46.16520357131958,
        "time-grounding": 7.241542816162109,
        "timeout": 0,
        "size": 26,
        "domain_size": 26,
        "per-domain-grounding": {
            "0": 0.0016047954559326172,
            "10": 0.10019588470458984,
            "14": 0.20667004585266113,
            "18": 0.3750729560852051,
            "22": 0.550184965133667,
            "26": 0.7715871334075928
        },
        "per-domain-solving": {
            "10": 0.1610400676727295,
            "14": 8.343403816223145,
            "18": 6.22260856628418,
            "22": 28.654527187347412,
            "26": 2.7836239337921143
        }
    },
    "11": {
        "time": 60.01023721694946,
        "time-solving": 0.0,
        "time-grounding": 0.0,
        "timeout": 1,
        "size": 0,
        "domain_size": 0
    },
    "12": {
        "time": 60.00958013534546,
        "time-solving": 0.0,
        "time-grounding": 0.0,
        "timeout": 1,
        "size": 0,
        "domain_size": 0
    }
}