{
    "8": {
        "time": 21.747398138046265,
        "time-solving": 18.135634899139404,
        "time-grounding": 3.443772792816162,
        "timeout": 0,
        "size": 22,
        "domain_size": 22,
        "per-domain-grounding": {
            "0": 0.0014219284057617188,
            "8": 0.05053591728210449,
            "10": 0.0692899227142334,
            "12": 0.1136629581451416,
            "14": 0.15700197219848633,
            "16": 0.21144390106201172,
            "18": 0.23230481147766113,
            "20": 0.321972131729126,
            "22": 0.4574720859527588
        },
        "per-domain-solving": {
            "8": 0.06616783142089844,
            "10": 0.09168601036071777,
            "12": 0.16199517250061035,
            "14": 0.5329194068908691,
            "16": 1.2701339721679688,
            "18": 1.254699945449829,
            "20": 11.974513053894043,
            "22": 2.7835195064544678
        }
    },
    "9": {
        "time": 60.00797486305237,
        "time-solving": 0.0,
        "time-grounding": 0.0,
        "timeout": 1,
        "size": 0,
        "domain_size": 0
    },
    "10": {
        "time": 60.0103018283844,
        "time-solving": 0.0,
        "time-grounding": 0.0,
        "timeout": 1,
        "size": 0,
        "domain_size": 0
    },
    "11": {
        "time": 60.013246059417725,
        "time-solving": 0.0,
        "time-grounding": 0.0,
        "timeout": 1,
        "size": 0,
        "domain_size": 0
    },
    "12": {
        "time": 60.01018214225769,
        "time-solving": 0.0,
        "time-grounding": 0.0,
        "timeout": 1,
        "size": 0,
        "domain_size": 0
    }
}