{
    "8": {
        "time": 14.444263935089111,
        "time-solving": 6.570363998413086,
        "time-grounding": 7.389262676239014,
        "timeout": 0,
        "size": 21,
        "domain_size": 21,
        "per-domain-grounding": {
            "0": 0.002955198287963867,
            "8": 0.13115382194519043,
            "9": 0.19172883033752441,
            "10": 0.1759490966796875,
            "11": 0.2956979274749756,
            "14": 0.4864387512207031,
            "15": 0.5027248859405518,
            "16": 0.5957188606262207,
            "17": 0.6346142292022705,
            "18": 0.7315859794616699,
            "19": 0.8043248653411865,
            "20": 0.9232168197631836,
            "21": 1.0216248035430908
        },
        "per-domain-solving": {
            "8": 0.2821030616760254,
            "9": 0.126054048538208,
            "10": 0.1886730194091797,
            "11": 0.1633601188659668,
            "14": 0.39508819580078125,
            "15": 0.3617069721221924,
            "16": 0.4115140438079834,
            "17": 0.5288410186767578,
            "18": 0.5810160636901855,
            "19": 0.6861591339111328,
            "20": 1.0131289958953857,
            "21": 1.832719326019287
        }
    },
    "9": {
        "time": 583.6183919906616,
        "time-solving": 574.6623902320862,
        "time-grounding": 8.301494121551514,
        "timeout": 0,
        "size": 23,
        "domain_size": 23,
        "per-domain-grounding": {
            "0": 0.0036742687225341797,
            "9": 0.13734197616577148,
            "10": 0.197037935256958,
            "11": 0.24440503120422363,
            "12": 0.2820122241973877,
            "15": 0.416471004486084,
            "16": 0.552422285079956,
            "17": 0.6231057643890381,
            "18": 0.7049529552459717,
            "19": 0.8018379211425781,
            "20": 0.5879840850830078,
            "21": 0.7590768337249756,
            "22": 0.923710823059082,
            "23": 0.9579493999481201
        },
        "per-domain-solving": {
            "9": 0.47746896743774414,
            "10": 0.38533973693847656,
            "11": 0.4066498279571533,
            "12": 0.3662862777709961,
            "15": 0.5511989593505859,
            "16": 0.48960304260253906,
            "17": 0.49523091316223145,
            "18": 0.5846033096313477,
            "19": 0.6320791244506836,
            "20": 0.6966032981872559,
            "21": 0.8966708183288574,
            "22": 1.6999800205230713,
            "23": 566.9806759357452
        }
    },
    "10": {
        "time": 97.34781694412231,
        "time-solving": 0.0,
        "time-grounding": 0.0,
        "timeout": 1,
        "size": 0,
        "domain_size": 0
    },
    "11": {
        "time": 959.6143958568573,
        "time-solving": 0.0,
        "time-grounding": 0.0,
        "timeout": 1,
        "size": 0,
        "domain_size": 0
    },
    "12": {
        "time": 976.0540568828583,
        "time-solving": 0.0,
        "time-grounding": 0.0,
        "timeout": 1,
        "size": 0,
        "domain_size": 0
    }
}