{
    "9": {
        "time": 42.945741176605225,
        "time-solving": 39.688316106796265,
        "time-grounding": 3.1707754135131836,
        "timeout": 0,
        "size": 24,
        "domain_size": 24,
        "per-domain-grounding": {
            "0": 0.0012791156768798828,
            "9": 0.039459943771362305,
            "12": 0.07404899597167969,
            "15": 0.12792301177978516,
            "18": 0.20926117897033691,
            "21": 0.27969884872436523,
            "24": 0.37438488006591797
        },
        "per-domain-solving": {
            "9": 0.045744895935058594,
            "12": 0.10975098609924316,
            "15": 1.1831128597259521,
            "18": 2.4792139530181885,
            "21": 28.582732915878296,
            "24": 7.287760496139526
        }
    },
    "10": {
        "time": 45.66217494010925,
        "time-solving": 41.73904991149902,
        "time-grounding": 3.8255467414855957,
        "timeout": 0,
        "size": 25,
        "domain_size": 25,
        "per-domain-grounding": {
            "0": 0.0012590885162353516,
            "10": 0.04956388473510742,
            "13": 0.10504031181335449,
            "16": 0.15066862106323242,
            "19": 0.21989679336547852,
            "22": 0.31890106201171875,
            "25": 0.47076988220214844
        },
        "per-domain-solving": {
            "10": 0.06273055076599121,
            "13": 0.11110734939575195,
            "16": 0.21230626106262207,
            "19": 2.4917473793029785,
            "22": 10.773866176605225,
            "25": 28.087292194366455
        }
    },
    "11": {
        "time": 120.0,
        "time-solving": 72.3230926990509,
        "time-grounding": 4.235541820526123,
        "timeout": 1,
        "size": 0,
        "domain_size": 0,
        "per-domain-grounding": {
            "0": 0.0014300346374511719,
            "11": 0.06504607200622559,
            "14": 0.12048006057739258,
            "17": 0.17365503311157227,
            "20": 0.26920008659362793,
            "23": 0.34331512451171875,
            "26": 0.4739968776702881
        },
        "per-domain-solving": {
            "11": 0.09739494323730469,
            "14": 0.1521587371826172,
            "17": 10.237086057662964,
            "20": 25.052963256835938,
            "23": 36.30349063873291,
            "26": 0.4799990653991699
        }
    },
    "12": {
        "time": 120.0,
        "time-solving": 3.8628361225128174,
        "time-grounding": 3.5029730796813965,
        "timeout": 1,
        "size": 0,
        "domain_size": 0,
        "per-domain-grounding": {
            "0": 0.0015289783477783203,
            "12": 0.08492374420166016,
            "15": 0.13150310516357422,
            "18": 0.19705986976623535,
            "21": 0.28403568267822266,
            "24": 0.4751300811767578
        },
        "per-domain-solving": {
            "12": 0.1571979522705078,
            "15": 0.14606428146362305,
            "18": 0.22949719429016113,
            "21": 2.7428038120269775,
            "24": 0.5872728824615479
        }
    }
}