{
    "9": {
        "time": 120.0,
        "time-solving": 4.993617057800293,
        "time-grounding": 0.7153556346893,
        "timeout": 1,
        "size": 0,
        "domain_size": 23,
        "per-domain-grounding": {
            "0": 0.0018918514251708984,
            "9": 0.08043694496154785,
            "16": 0.24943304061889648,
            "23": 0.5881271362304688
        },
        "per-domain-solving": {
            "9": 0.11355781555175781,
            "16": 0.7554330825805664,
            "23": 4.124626159667969
        }
    },
    "10": {
        "time": 120.0,
        "time-solving": 2108.9320945739746,
        "time-grounding": 9.959861278533936,
        "timeout": 1,
        "size": 0,
        "domain_size": 31,
        "per-domain-grounding": {
            "0": 0.0020961761474609375,
            "10": 0.0869297981262207,
            "17": 0.21781682968139648,
            "24": 0.5709152221679688,
            "31": 0.9609489440917969
        },
        "per-domain-solving": {
            "10": 0.10158395767211914,
            "17": 0.3992326259613037,
            "24": 2107.371603012085,
            "31": 1.0596749782562256
        }
    },
    "11": {
        "time": 120.0,
        "time-solving": 1.5376935005187988,
        "time-grounding": 5.375690698623657,
        "timeout": 1,
        "size": 0,
        "domain_size": 25,
        "per-domain-grounding": {
            "0": 0.0015130043029785156,
            "11": 0.09581708908081055,
            "18": 0.3154470920562744,
            "25": 0.6258020401000977
        },
        "per-domain-solving": {
            "11": 0.14695525169372559,
            "18": 0.6884632110595703,
            "25": 0.7022750377655029
        }
    },
    "12": {
        "time": 120.0,
        "time-solving": 1.5778083801269531,
        "time-grounding": 6.349217891693115,
        "timeout": 1,
        "size": 0,
        "domain_size": 26,
        "per-domain-grounding": {
            "0": 0.0016300678253173828,
            "12": 0.12030601501464844,
            "19": 0.37151098251342773,
            "26": 0.7034239768981934
        },
        "per-domain-solving": {
            "12": 0.18525171279907227,
            "19": 0.7066857814788818,
            "26": 0.685870885848999
        }
    }
}