{
    "9": {
        "time": 21.62089514732361,
        "time-solving": 15.010716438293457,
        "time-grounding": 6.521953821182251,
        "timeout": 0,
        "size": 27,
        "domain_size": 27,
        "per-domain-grounding": {
            "0": 0.0018031597137451172,
            "9": 0.05978202819824219,
            "15": 0.19243311882019043,
            "21": 0.4039490222930908,
            "27": 0.7352461814880371
        },
        "per-domain-solving": {
            "9": 0.07841014862060547,
            "15": 1.0010554790496826,
            "21": 9.577149868011475,
            "27": 4.354100942611694
        }
    },
    "10": {
        "time": 120.0,
        "time-solving": 203.16516256332397,
        "time-grounding": 6.803189992904663,
        "timeout": 1,
        "size": 0,
        "domain_size": 28,
        "per-domain-grounding": {
            "0": 0.0014808177947998047,
            "10": 0.07427501678466797,
            "16": 0.20902609825134277,
            "22": 0.4275681972503662,
            "28": 0.7424931526184082
        },
        "per-domain-solving": {
            "10": 0.0963892936706543,
            "16": 0.3803679943084717,
            "22": 27.56062602996826,
            "28": 175.1277792453766
        }
    },
    "11": {
        "time": 120.0,
        "time-solving": 13.023985147476196,
        "time-grounding": 4.362521171569824,
        "timeout": 1,
        "size": 0,
        "domain_size": 23,
        "per-domain-grounding": {
            "0": 0.0015418529510498047,
            "11": 0.07989716529846191,
            "17": 0.2343580722808838,
            "23": 0.5187540054321289
        },
        "per-domain-solving": {
            "11": 0.11826276779174805,
            "17": 12.431969165802002,
            "23": 0.4737532138824463
        }
    },
    "12": {
        "time": 120.0,
        "time-solving": 1.3764197826385498,
        "time-grounding": 4.479814291000366,
        "timeout": 1,
        "size": 0,
        "domain_size": 24,
        "per-domain-grounding": {
            "0": 0.001516103744506836,
            "12": 0.10507702827453613,
            "18": 0.2911570072174072,
            "24": 0.5445477962493896
        },
        "per-domain-solving": {
            "12": 0.16634893417358398,
            "18": 0.6653509140014648,
            "24": 0.544719934463501
        }
    }
}