{
    "9": {
        "time": 16.749936819076538,
        "time-solving": 12.214241981506348,
        "time-grounding": 4.426281690597534,
        "timeout": 0,
        "size": 24,
        "domain_size": 24,
        "per-domain-grounding": {
            "0": 0.001611948013305664,
            "9": 0.05775618553161621,
            "14": 0.1754770278930664,
            "19": 0.31226277351379395,
            "24": 0.5400390625
        },
        "per-domain-solving": {
            "9": 0.06852984428405762,
            "14": 0.27202868461608887,
            "19": 1.2765698432922363,
            "24": 10.597113609313965
        }
    },
    "10": {
        "time": 66.77031326293945,
        "time-solving": 61.73171901702881,
        "time-grounding": 4.9597084522247314,
        "timeout": 0,
        "size": 25,
        "domain_size": 25,
        "per-domain-grounding": {
            "0": 0.0017940998077392578,
            "10": 0.0722355842590332,
            "15": 0.19626903533935547,
            "20": 0.3747677803039551,
            "25": 0.5820379257202148
        },
        "per-domain-solving": {
            "10": 0.08925700187683105,
            "15": 1.2860751152038574,
            "20": 10.20904803276062,
            "25": 50.1473388671875
        }
    },
    "11": {
        "time": 120.0,
        "time-solving": 0.7001962661743164,
        "time-grounding": 2.602510929107666,
        "timeout": 1,
        "size": 0,
        "domain_size": 21,
        "per-domain-grounding": {
            "0": 0.0015368461608886719,
            "11": 0.0857391357421875,
            "16": 0.19049429893493652,
            "21": 0.35820603370666504
        },
        "per-domain-solving": {
            "11": 0.11818909645080566,
            "16": 0.24814105033874512,
            "21": 0.3338661193847656
        }
    },
    "12": {
        "time": 120.0,
        "time-solving": 0.9738383293151855,
        "time-grounding": 3.2638683319091797,
        "timeout": 1,
        "size": 0,
        "domain_size": 22,
        "per-domain-grounding": {
            "0": 0.0015408992767333984,
            "12": 0.09760093688964844,
            "17": 0.24172592163085938,
            "22": 0.4322829246520996
        },
        "per-domain-solving": {
            "12": 0.18295598030090332,
            "17": 0.3484783172607422,
            "22": 0.44240403175354004
        }
    }
}