{
    "8": {
        "time": 1.4316457112630208,
        "time-solving": 0.9272037347157797,
        "time-grounding": 0.41367284456888836,
        "per-domain-grounding": {
            "0": 0.003567934036254883,
            "8": 0.013005495071411133,
            "9": 0.014943361282348633,
            "10": 0.0162204106648763,
            "11": 0.017136573791503906,
            "12": 0.018830378850301106,
            "13": 0.020663738250732422,
            "14": 0.023259560267130535,
            "15": 0.02345132827758789,
            "16": 0.02650936444600423,
            "17": 0.028665939966837566,
            "18": 0.03038954734802246,
            "19": 0.031233549118041992,
            "20": 0.0385735829671224,
            "21": 0.037666638692220054
        },
        "per-domain-solving": {
            "8": 0.000308990478515625,
            "9": 0.00041214625040690106,
            "10": 0.00047707557678222656,
            "11": 0.0005855560302734375,
            "12": 0.0007059574127197266,
            "13": 0.0014755725860595703,
            "14": 0.03432997067769369,
            "15": 0.007902701695760092,
            "16": 0.007447083791097005,
            "17": 0.02587262789408366,
            "18": 0.048758904139200844,
            "19": 0.13464673360188803,
            "20": 0.45414066314697266,
            "21": 0.07910672823588054
        }
    },
    "9": {
        "time": 6.141532977422078,
        "time-solving": 5.495458920796712,
        "time-grounding": 0.5338411331176758,
        "per-domain-grounding": {
            "0": 0.003324270248413086,
            "9": 0.015483697255452475,
            "10": 0.01704104741414388,
            "11": 0.01795339584350586,
            "12": 0.019547541936238606,
            "13": 0.02539205551147461,
            "14": 0.027519067128499348,
            "15": 0.02688145637512207,
            "16": 0.027827978134155273,
            "17": 0.029474973678588867,
            "18": 0.03507788976033529,
            "19": 0.03517866134643555,
            "20": 0.04467908541361491,
            "21": 0.03595471382141113,
            "22": 0.04340028762817383,
            "23": 0.043666839599609375
        },
        "per-domain-solving": {
            "9": 0.00038735071818033856,
            "10": 0.00048430760701497394,
            "11": 0.0006228288014729818,
            "12": 0.0007103284200032552,
            "13": 0.0017096201578776042,
            "14": 0.0019405682881673176,
            "15": 0.03879674275716146,
            "16": 0.2867908477783203,
            "17": 0.47211265563964844,
            "18": 0.03395779927571615,
            "19": 0.06838035583496094,
            "20": 0.5528521537780762,
            "21": 0.5774240493774414,
            "22": 3.224754492441813,
            "23": 0.0410459836324056
        }
    },
    "10": {
        "time": 79.08011658986409,
        "time-solving": 78.2897122701009,
        "time-grounding": 0.6621396541595459,
        "per-domain-grounding": {
            "0": 0.00370176633199056,
            "10": 0.01618536313374837,
            "11": 0.018602689107259113,
            "12": 0.019629557927449543,
            "13": 0.02116568883260091,
            "14": 0.023163398106892902,
            "15": 0.02544403076171875,
            "16": 0.027544021606445312,
            "17": 0.03206507364908854,
            "18": 0.0337212880452474,
            "19": 0.03370070457458496,
            "20": 0.03533180554707845,
            "21": 0.08042764663696289,
            "22": 0.0462956428527832,
            "23": 0.04342969258626302,
            "24": 0.05203962326049805,
            "25": 0.0524603525797526
        },
        "per-domain-solving": {
            "10": 0.0004563331604003906,
            "11": 0.0006166299184163412,
            "12": 0.0007527669270833334,
            "13": 0.0009016990661621094,
            "14": 0.001054684321085612,
            "15": 0.0020857652028401694,
            "16": 0.04573138554890951,
            "17": 0.007419586181640625,
            "18": 0.07096266746520996,
            "19": 0.029284318288167317,
            "20": 0.06504313151041667,
            "21": 0.19869375228881836,
            "22": 0.9368013540903727,
            "23": 3.688398281733195,
            "24": 72.96921348571777,
            "25": 0.02742155392964681
        }
    }
}