{
    "9": {
        "time": 100.82547688484192,
        "time-solving": 96.91052341461182,
        "time-grounding": 3.6306235790252686,
        "timeout": 0,
        "size": 23,
        "domain_size": 23,
        "per-domain-grounding": {
            "0": 0.0013909339904785156,
            "9": 0.0425562858581543,
            "10": 0.06385087966918945,
            "11": 0.07893514633178711,
            "12": 0.09144973754882812,
            "13": 0.12578582763671875,
            "14": 0.14623165130615234,
            "15": 0.1688368320465088,
            "16": 0.2000870704650879,
            "17": 0.2705228328704834,
            "18": 0.3019130229949951,
            "19": 0.3666369915008545,
            "20": 0.3522639274597168,
            "21": 0.36536502838134766,
            "22": 0.45654797554016113,
            "23": 0.47078418731689453
        },
        "per-domain-solving": {
            "9": 0.0515291690826416,
            "10": 0.9284279346466064,
            "11": 0.7166948318481445,
            "12": 0.3144102096557617,
            "13": 0.7973840236663818,
            "14": 0.5289838314056396,
            "15": 1.4365253448486328,
            "16": 4.279182195663452,
            "17": 3.5608131885528564,
            "18": 4.722795009613037,
            "19": 18.29371190071106,
            "20": 10.327218055725098,
            "21": 6.630415201187134,
            "22": 29.68460726737976,
            "23": 14.63782525062561
        }
    },
    "10": {
        "time": 120.0,
        "time-solving": 41.05800151824951,
        "time-grounding": 2.5088694095611572,
        "timeout": 1,
        "size": 0,
        "domain_size": 21,
        "per-domain-grounding": {
            "0": 0.0013239383697509766,
            "10": 0.05248689651489258,
            "11": 0.07675695419311523,
            "12": 0.08920478820800781,
            "13": 0.1312859058380127,
            "14": 0.15885210037231445,
            "15": 0.19292807579040527,
            "16": 0.19930696487426758,
            "17": 0.22844791412353516,
            "18": 0.24806714057922363,
            "19": 0.3025541305541992,
            "20": 0.30974507331848145,
            "21": 0.3555271625518799
        },
        "per-domain-solving": {
            "10": 0.07024312019348145,
            "11": 1.9722814559936523,
            "12": 1.2367510795593262,
            "13": 0.4099104404449463,
            "14": 0.9881839752197266,
            "15": 0.7095568180084229,
            "16": 8.276739597320557,
            "17": 3.4554131031036377,
            "18": 9.486300945281982,
            "19": 5.081913948059082,
            "20": 9.071355104446411,
            "21": 0.29935193061828613
        }
    },
    "11": {
        "time": 120.0,
        "time-solving": 52.245768547058105,
        "time-grounding": 2.2337911128997803,
        "timeout": 1,
        "size": 0,
        "domain_size": 19,
        "per-domain-grounding": {
            "0": 0.0017750263214111328,
            "11": 0.07997632026672363,
            "12": 0.10993099212646484,
            "13": 0.15748214721679688,
            "14": 0.20079493522644043,
            "15": 0.21158885955810547,
            "16": 0.2661628723144531,
            "17": 0.2993803024291992,
            "18": 0.3410670757293701,
            "19": 0.2836568355560303
        },
        "per-domain-solving": {
            "11": 0.1320490837097168,
            "12": 5.726884126663208,
            "13": 1.610281229019165,
            "14": 0.43577075004577637,
            "15": 1.1298191547393799,
            "16": 1.4200611114501953,
            "17": 1.281141996383667,
            "18": 40.28517818450928,
            "19": 0.22458291053771973
        }
    },
    "12": {
        "time": 120.0,
        "time-solving": 54.627108097076416,
        "time-grounding": 2.771167516708374,
        "timeout": 1,
        "size": 0,
        "domain_size": 20,
        "per-domain-grounding": {
            "0": 0.001556396484375,
            "12": 0.1021270751953125,
            "13": 0.17373275756835938,
            "14": 0.20200181007385254,
            "15": 0.22122693061828613,
            "16": 0.26685309410095215,
            "17": 0.26957106590270996,
            "18": 0.3276500701904297,
            "19": 0.38399696350097656,
            "20": 0.4478020668029785
        },
        "per-domain-solving": {
            "12": 0.18254303932189941,
            "13": 7.26657772064209,
            "14": 2.202082872390747,
            "15": 0.23710894584655762,
            "16": 0.28082871437072754,
            "17": 0.6238389015197754,
            "18": 2.991567850112915,
            "19": 40.5285120010376,
            "20": 0.31404805183410645
        }
    }
}