{
    "9": {
        "time": 9.388672113418579,
        "time-solving": 5.717349290847778,
        "time-grounding": 3.5948243141174316,
        "timeout": 0,
        "size": 25,
        "domain_size": 25,
        "per-domain-grounding": {
            "0": 0.0013091564178466797,
            "9": 0.03953194618225098,
            "13": 0.09762287139892578,
            "17": 0.17779898643493652,
            "21": 0.29454803466796875,
            "25": 0.4094808101654053
        },
        "per-domain-solving": {
            "9": 0.04500913619995117,
            "13": 0.11613798141479492,
            "17": 1.094006061553955,
            "21": 2.8012988567352295,
            "25": 1.6608972549438477
        }
    },
    "10": {
        "time": 24.261265754699707,
        "time-solving": 19.847015619277954,
        "time-grounding": 4.3248817920684814,
        "timeout": 0,
        "size": 26,
        "domain_size": 26,
        "per-domain-grounding": {
            "0": 0.0013070106506347656,
            "10": 0.04821205139160156,
            "14": 0.1100318431854248,
            "18": 0.2093198299407959,
            "22": 0.31064915657043457,
            "26": 0.5191967487335205
        },
        "per-domain-solving": {
            "10": 0.06096935272216797,
            "14": 4.836920976638794,
            "18": 2.5404720306396484,
            "22": 11.00931191444397,
            "26": 1.399341344833374
        }
    },
    "11": {
        "time": 120.0,
        "time-solving": 1.131859302520752,
        "time-grounding": 2.786341667175293,
        "timeout": 1,
        "size": 0,
        "domain_size": 23,
        "per-domain-grounding": {
            "0": 0.001425027847290039,
            "11": 0.1007697582244873,
            "15": 0.13665986061096191,
            "19": 0.2472827434539795,
            "23": 0.35031700134277344
        },
        "per-domain-solving": {
            "11": 0.07660317420959473,
            "15": 0.15051722526550293,
            "19": 0.5520150661468506,
            "23": 0.3527238368988037
        }
    },
    "12": {
        "time": 120.0,
        "time-solving": 23.691020011901855,
        "time-grounding": 3.484534502029419,
        "timeout": 1,
        "size": 0,
        "domain_size": 24,
        "per-domain-grounding": {
            "0": 0.0014553070068359375,
            "12": 0.07252287864685059,
            "16": 0.1883409023284912,
            "20": 0.300335168838501,
            "24": 0.39755892753601074
        },
        "per-domain-solving": {
            "12": 0.12618732452392578,
            "16": 0.24399828910827637,
            "20": 22.85168433189392,
            "24": 0.4691500663757324
        }
    }
}