{
    "9": {
        "time": 9.846163988113403,
        "time-solving": 6.622095108032227,
        "time-grounding": 3.0083999633789062,
        "timeout": 0,
        "size": 23,
        "domain_size": 23,
        "per-domain-grounding": {
            "0": 0.001196146011352539,
            "9": 0.03870797157287598,
            "10": 0.06051778793334961,
            "11": 0.07298469543457031,
            "12": 0.08462691307067871,
            "15": 0.12258791923522949,
            "16": 0.17154598236083984,
            "17": 0.19986295700073242,
            "18": 0.2231888771057129,
            "19": 0.2883908748626709,
            "20": 0.33629322052001953,
            "21": 0.3193516731262207,
            "22": 0.36510682106018066,
            "23": 0.3928971290588379
        },
        "per-domain-solving": {
            "9": 0.16304302215576172,
            "10": 0.15132808685302734,
            "11": 0.15911197662353516,
            "12": 0.10508513450622559,
            "15": 0.1934521198272705,
            "16": 0.1612250804901123,
            "17": 0.17584514617919922,
            "18": 0.24254608154296875,
            "19": 0.28148412704467773,
            "20": 0.3128340244293213,
            "21": 0.4063076972961426,
            "22": 0.6062049865722656,
            "23": 3.6636276245117188
        }
    },
    "10": {
        "time": 35.926239013671875,
        "time-solving": 31.836278915405273,
        "time-grounding": 3.784029245376587,
        "timeout": 0,
        "size": 25,
        "domain_size": 25,
        "per-domain-grounding": {
            "0": 0.001199960708618164,
            "10": 0.04948306083679199,
            "11": 0.07307910919189453,
            "12": 0.08489298820495605,
            "13": 0.11581611633300781,
            "16": 0.13994431495666504,
            "17": 0.19648194313049316,
            "18": 0.2232053279876709,
            "19": 0.24835515022277832,
            "20": 0.2790079116821289,
            "21": 0.3188769817352295,
            "22": 0.3543879985809326,
            "23": 0.3793473243713379,
            "24": 0.43367481231689453,
            "25": 0.4724249839782715
        },
        "per-domain-solving": {
            "10": 0.2938499450683594,
            "11": 0.10830211639404297,
            "12": 0.16034317016601562,
            "13": 0.1824939250946045,
            "16": 0.3105001449584961,
            "17": 0.23641300201416016,
            "18": 0.2416369915008545,
            "19": 0.2692291736602783,
            "20": 0.2924339771270752,
            "21": 0.3619561195373535,
            "22": 0.46933484077453613,
            "23": 0.6629700660705566,
            "24": 3.53700590133667,
            "25": 24.70980954170227
        }
    },
    "11": {
        "time": 120.0,
        "time-solving": 30.338751792907715,
        "time-grounding": 4.98251748085022,
        "timeout": 1,
        "size": 0,
        "domain_size": 27,
        "per-domain-grounding": {
            "0": 0.0012748241424560547,
            "11": 0.0558779239654541,
            "12": 0.08386564254760742,
            "13": 0.11354207992553711,
            "14": 0.13075685501098633,
            "17": 0.15871405601501465,
            "18": 0.22340917587280273,
            "19": 0.2500021457672119,
            "20": 0.2821497917175293,
            "21": 0.31185412406921387,
            "22": 0.35568690299987793,
            "23": 0.3909800052642822,
            "24": 0.4468863010406494,
            "25": 0.5262479782104492,
            "26": 0.5983712673187256,
            "27": 0.5664598941802979
        },
        "per-domain-solving": {
            "11": 0.4966459274291992,
            "12": 0.1488032341003418,
            "13": 0.3560929298400879,
            "14": 0.3702218532562256,
            "17": 0.3786311149597168,
            "18": 0.2907540798187256,
            "19": 0.27524518966674805,
            "20": 0.3992130756378174,
            "21": 0.3408808708190918,
            "22": 0.6128280162811279,
            "23": 0.5179152488708496,
            "24": 0.842886209487915,
            "25": 3.7729151248931885,
            "26": 21.53571891784668
        }
    },
    "12": {
        "time": 120.0,
        "time-solving": 44.99001336097717,
        "time-grounding": 5.877238988876343,
        "timeout": 1,
        "size": 0,
        "domain_size": 28,
        "per-domain-grounding": {
            "0": 0.001194000244140625,
            "12": 0.06669378280639648,
            "13": 0.11454200744628906,
            "14": 0.13423991203308105,
            "15": 0.1540660858154297,
            "18": 0.2036890983581543,
            "19": 0.27489614486694336,
            "20": 0.3093907833099365,
            "21": 0.3354511260986328,
            "22": 0.3662238121032715,
            "23": 0.4088597297668457,
            "24": 0.500377893447876,
            "25": 0.48664283752441406,
            "26": 0.6081709861755371,
            "27": 0.6175558567047119,
            "28": 0.6723020076751709
        },
        "per-domain-solving": {
            "12": 1.0919828414916992,
            "13": 0.2724738121032715,
            "14": 0.5961971282958984,
            "15": 0.5164480209350586,
            "18": 0.8051888942718506,
            "19": 0.8175301551818848,
            "20": 0.895230770111084,
            "21": 0.45911097526550293,
            "22": 0.46501803398132324,
            "23": 0.5215449333190918,
            "24": 1.5173029899597168,
            "25": 2.6469247341156006,
            "26": 11.55425500869751,
            "27": 22.83080506324768
        }
    }
}