{
    "9": {
        "time": 9.773339748382568,
        "time-solving": 6.372887134552002,
        "time-grounding": 3.1698672771453857,
        "timeout": 0,
        "size": 23,
        "domain_size": 23,
        "per-domain-grounding": {
            "0": 0.001219034194946289,
            "9": 0.03952622413635254,
            "10": 0.06729412078857422,
            "11": 0.07575607299804688,
            "12": 0.08526110649108887,
            "15": 0.12652182579040527,
            "16": 0.1764531135559082,
            "17": 0.20293712615966797,
            "18": 0.23255586624145508,
            "19": 0.2753171920776367,
            "20": 0.3261871337890625,
            "21": 0.360978364944458,
            "22": 0.44769906997680664,
            "23": 0.4077780246734619
        },
        "per-domain-solving": {
            "9": 0.11052203178405762,
            "10": 0.09417176246643066,
            "11": 0.10640978813171387,
            "12": 0.10242104530334473,
            "15": 0.16804814338684082,
            "16": 0.15485787391662598,
            "17": 0.1719670295715332,
            "18": 0.20441699028015137,
            "19": 0.2706139087677002,
            "20": 0.3258039951324463,
            "21": 0.4344978332519531,
            "22": 0.7319717407226562,
            "23": 3.497184991836548
        }
    },
    "10": {
        "time": 35.11712908744812,
        "time-solving": 30.49528932571411,
        "time-grounding": 4.2522125244140625,
        "timeout": 0,
        "size": 25,
        "domain_size": 25,
        "per-domain-grounding": {
            "0": 0.001373291015625,
            "10": 0.05418968200683594,
            "11": 0.08022212982177734,
            "12": 0.12077689170837402,
            "13": 0.15882587432861328,
            "16": 0.18242406845092773,
            "17": 0.25478315353393555,
            "18": 0.23349881172180176,
            "19": 0.258181095123291,
            "20": 0.29311275482177734,
            "21": 0.3285820484161377,
            "22": 0.36121487617492676,
            "23": 0.3970527648925781,
            "24": 0.44303011894226074,
            "25": 0.6269969940185547
        },
        "per-domain-solving": {
            "10": 0.25889086723327637,
            "11": 0.15525507926940918,
            "12": 0.16366791725158691,
            "13": 0.13788104057312012,
            "16": 0.2785210609436035,
            "17": 0.22078204154968262,
            "18": 0.22496581077575684,
            "19": 0.2738218307495117,
            "20": 0.3730909824371338,
            "21": 0.47959399223327637,
            "22": 0.44702792167663574,
            "23": 0.6636757850646973,
            "24": 3.457159996032715,
            "25": 23.360954999923706
        }
    },
    "11": {
        "time": 120.0,
        "time-solving": 34.156110763549805,
        "time-grounding": 5.497943639755249,
        "timeout": 1,
        "size": 0,
        "domain_size": 27,
        "per-domain-grounding": {
            "0": 0.0012731552124023438,
            "11": 0.06757998466491699,
            "12": 0.08997607231140137,
            "13": 0.1244668960571289,
            "14": 0.1703779697418213,
            "17": 0.22327589988708496,
            "18": 0.2540926933288574,
            "19": 0.2582359313964844,
            "20": 0.2908298969268799,
            "21": 0.3298957347869873,
            "22": 0.3587050437927246,
            "23": 0.5456938743591309,
            "24": 0.5597958564758301,
            "25": 0.5190200805664062,
            "26": 0.573948860168457,
            "27": 0.5789320468902588
        },
        "per-domain-solving": {
            "11": 0.43498873710632324,
            "12": 0.1760849952697754,
            "13": 0.42213892936706543,
            "14": 0.28528785705566406,
            "17": 0.41062116622924805,
            "18": 0.27001309394836426,
            "19": 0.3151109218597412,
            "20": 0.33778882026672363,
            "21": 0.380871057510376,
            "22": 0.4391021728515625,
            "23": 0.5884542465209961,
            "24": 0.7952046394348145,
            "25": 9.311289072036743,
            "26": 19.989155054092407
        }
    },
    "12": {
        "time": 120.0,
        "time-solving": 33.35682535171509,
        "time-grounding": 6.6345014572143555,
        "timeout": 1,
        "size": 0,
        "domain_size": 28,
        "per-domain-grounding": {
            "0": 0.0013480186462402344,
            "12": 0.07508087158203125,
            "13": 0.1482858657836914,
            "14": 0.17531204223632812,
            "15": 0.19724512100219727,
            "18": 0.2387700080871582,
            "19": 0.34853291511535645,
            "20": 0.3588449954986572,
            "21": 0.35520505905151367,
            "22": 0.4294900894165039,
            "23": 0.42824316024780273,
            "24": 0.5149753093719482,
            "25": 0.5873908996582031,
            "26": 0.6923718452453613,
            "27": 0.7086570262908936,
            "28": 0.6581130027770996
        },
        "per-domain-solving": {
            "12": 0.9458279609680176,
            "13": 0.32498931884765625,
            "14": 0.38237786293029785,
            "15": 0.4438610076904297,
            "18": 0.5581200122833252,
            "19": 0.5426440238952637,
            "20": 0.43174290657043457,
            "21": 0.4062981605529785,
            "22": 0.41754698753356934,
            "23": 0.5289421081542969,
            "24": 0.836637020111084,
            "25": 2.2892677783966064,
            "26": 3.853163003921509,
            "27": 21.39540719985962
        }
    }
}