{
    "1": {
        "time": 0.3947749137878418,
        "time-solving": 0.08297300338745117,
        "time-grounding": 0.2751181125640869,
        "timeout": 0,
        "size": 9,
        "domain_size": 10,
        "per-domain-grounding": {
            "0": 0.001291036605834961,
            "1": 0.0036940574645996094,
            "4": 0.014405965805053711,
            "7": 0.031929731369018555,
            "10": 0.058747291564941406
        },
        "per-domain-solving": {
            "1": 0.0002970695495605469,
            "4": 0.007135868072509766,
            "7": 0.02334737777709961,
            "10": 0.05219268798828125
        }
    },
    "2": {
        "time": 3.558135986328125,
        "time-solving": 1.5368800163269043,
        "time-grounding": 1.9618585109710693,
        "timeout": 0,
        "size": 18,
        "domain_size": 20,
        "per-domain-grounding": {
            "0": 0.001294851303100586,
            "2": 0.006106138229370117,
            "5": 0.01966071128845215,
            "8": 0.037545204162597656,
            "11": 0.0679318904876709,
            "14": 0.12478899955749512,
            "17": 0.18162918090820312,
            "20": 0.2617621421813965
        },
        "per-domain-solving": {
            "2": 0.001420736312866211,
            "5": 0.011626958847045898,
            "8": 0.03182721138000488,
            "11": 0.06659293174743652,
            "14": 0.14701390266418457,
            "17": 0.976254940032959,
            "20": 0.3021433353424072
        }
    },
    "3": {
        "time": 120.0,
        "time-solving": 2.1387314796447754,
        "time-grounding": 2.263538122177124,
        "timeout": 1,
        "size": 0,
        "domain_size": 21,
        "per-domain-grounding": {
            "0": 0.0014307498931884766,
            "3": 0.008087635040283203,
            "6": 0.023699045181274414,
            "9": 0.04554486274719238,
            "12": 0.08834195137023926,
            "15": 0.14388680458068848,
            "18": 0.20997977256774902,
            "21": 0.29982995986938477
        },
        "per-domain-solving": {
            "3": 0.002995014190673828,
            "6": 0.017600059509277344,
            "9": 0.039379119873046875,
            "12": 0.08047318458557129,
            "15": 0.20372724533081055,
            "18": 1.5016720294952393,
            "21": 0.29288482666015625
        }
    },
    "4": {
        "time": 120.0,
        "time-solving": 3.024898052215576,
        "time-grounding": 2.870551347732544,
        "timeout": 1,
        "size": 0,
        "domain_size": 22,
        "per-domain-grounding": {
            "0": 0.0013828277587890625,
            "4": 0.014404296875,
            "7": 0.029217958450317383,
            "10": 0.05518603324890137,
            "13": 0.10480213165283203,
            "16": 0.18597173690795898,
            "19": 0.26743197441101074,
            "22": 0.3795456886291504
        },
        "per-domain-solving": {
            "4": 0.006306886672973633,
            "7": 0.024012327194213867,
            "10": 0.05349922180175781,
            "13": 0.10697269439697266,
            "16": 0.2504870891571045,
            "19": 2.189314842224121,
            "22": 0.3943049907684326
        }
    },
    "5": {
        "time": 120.0,
        "time-solving": 3.6258809566497803,
        "time-grounding": 3.7951133251190186,
        "timeout": 1,
        "size": 0,
        "domain_size": 23,
        "per-domain-grounding": {
            "0": 0.0015752315521240234,
            "5": 0.020451784133911133,
            "8": 0.0417017936706543,
            "11": 0.08131814002990723,
            "14": 0.15236806869506836,
            "17": 0.24071311950683594,
            "20": 0.3547818660736084,
            "23": 0.4868500232696533
        },
        "per-domain-solving": {
            "5": 0.013252973556518555,
            "8": 0.04664468765258789,
            "11": 0.09315347671508789,
            "14": 0.14104199409484863,
            "17": 0.32806396484375,
            "20": 2.5534281730651855,
            "23": 0.45029568672180176
        }
    },
    "6": {
        "time": 120.0,
        "time-solving": 4.516814708709717,
        "time-grounding": 4.052212476730347,
        "timeout": 1,
        "size": 0,
        "domain_size": 24,
        "per-domain-grounding": {
            "0": 0.0013549327850341797,
            "6": 0.022736072540283203,
            "9": 0.06040763854980469,
            "12": 0.11568093299865723,
            "15": 0.18683290481567383,
            "18": 0.2806861400604248,
            "21": 0.33618593215942383,
            "24": 0.45307302474975586
        },
        "per-domain-solving": {
            "6": 0.016887664794921875,
            "9": 0.07611989974975586,
            "12": 0.11691021919250488,
            "15": 0.17474770545959473,
            "18": 0.3731410503387451,
            "21": 3.3340940475463867,
            "24": 0.4249141216278076
        }
    }
}