{
    "1": {
        "time": 0.42197299003601074,
        "time-solving": 0.10409903526306152,
        "time-grounding": 0.24050164222717285,
        "timeout": 0,
        "size": 9,
        "domain_size": 9,
        "per-domain-grounding": {
            "0": 0.0015680789947509766,
            "1": 0.004465818405151367,
            "9": 0.05915021896362305
        },
        "per-domain-solving": {
            "1": 0.0040111541748046875,
            "9": 0.10008788108825684
        }
    },
    "2": {
        "time": 2.3430962562561035,
        "time-solving": 0.5248434543609619,
        "time-grounding": 1.7595446109771729,
        "timeout": 0,
        "size": 18,
        "domain_size": 18,
        "per-domain-grounding": {
            "0": 0.0015170574188232422,
            "2": 0.0063860416412353516,
            "10": 0.08016204833984375,
            "18": 0.2919120788574219
        },
        "per-domain-solving": {
            "2": 0.00551915168762207,
            "10": 0.11275315284729004,
            "18": 0.4065711498260498
        }
    },
    "3": {
        "time": 7.721872806549072,
        "time-solving": 1.489988088607788,
        "time-grounding": 6.143155813217163,
        "timeout": 0,
        "size": 27,
        "domain_size": 27,
        "per-domain-grounding": {
            "0": 0.0015811920166015625,
            "3": 0.009937047958374023,
            "11": 0.08737492561340332,
            "19": 0.3088197708129883,
            "27": 0.6585879325866699
        },
        "per-domain-solving": {
            "3": 0.006671905517578125,
            "11": 0.13837480545043945,
            "19": 0.3997490406036377,
            "27": 0.9451923370361328
        }
    },
    "4": {
        "time": 17.846318006515503,
        "time-solving": 3.2446844577789307,
        "time-grounding": 14.450970888137817,
        "timeout": 0,
        "size": 36,
        "domain_size": 36,
        "per-domain-grounding": {
            "0": 0.0015380382537841797,
            "4": 0.013492345809936523,
            "12": 0.0979769229888916,
            "20": 0.37578272819519043,
            "28": 0.7539839744567871,
            "36": 1.1819322109222412
        },
        "per-domain-solving": {
            "4": 0.010977029800415039,
            "12": 0.14308381080627441,
            "20": 0.45593714714050293,
            "28": 0.8932511806488037,
            "36": 1.7414352893829346
        }
    },
    "5": {
        "time": 36.27927303314209,
        "time-solving": 6.513840198516846,
        "time-grounding": 29.51441192626953,
        "timeout": 0,
        "size": 45,
        "domain_size": 45,
        "per-domain-grounding": {
            "0": 0.0015742778778076172,
            "5": 0.01853203773498535,
            "13": 0.12873411178588867,
            "21": 0.3865060806274414,
            "29": 0.7485878467559814,
            "37": 1.2702052593231201,
            "45": 1.9922640323638916
        },
        "per-domain-solving": {
            "5": 0.017035961151123047,
            "13": 0.1517500877380371,
            "21": 0.5640838146209717,
            "29": 0.9710972309112549,
            "37": 1.6967558860778809,
            "45": 3.113117218017578
        }
    },
    "6": {
        "time": 64.8334310054779,
        "time-solving": 12.032556533813477,
        "time-grounding": 52.285404920578,
        "timeout": 0,
        "size": 54,
        "domain_size": 54,
        "per-domain-grounding": {
            "0": 0.0015130043029785156,
            "6": 0.027685165405273438,
            "14": 0.17286396026611328,
            "22": 0.431934118270874,
            "30": 0.8401429653167725,
            "38": 1.3267788887023926,
            "46": 2.0737950801849365,
            "54": 2.829072952270508
        },
        "per-domain-solving": {
            "6": 0.025130033493041992,
            "14": 0.19472074508666992,
            "22": 0.6439402103424072,
            "30": 1.167341947555542,
            "38": 1.8756682872772217,
            "46": 2.8659369945526123,
            "54": 5.2598183155059814
        }
    }
}