{
    "1": {
        "time": 0.4695749282836914,
        "time-solving": 0.14003992080688477,
        "time-grounding": 0.2788572311401367,
        "timeout": 0,
        "size": 9,
        "domain_size": 9,
        "per-domain-grounding": {
            "0": 0.0020151138305664062,
            "1": 0.005509853363037109,
            "2": 0.009412050247192383,
            "3": 0.012936830520629883,
            "4": 0.019337177276611328,
            "5": 0.02489185333251953,
            "6": 0.033650875091552734,
            "7": 0.044525861740112305,
            "8": 0.056952714920043945,
            "9": 0.0696249008178711
        },
        "per-domain-solving": {
            "1": 0.00036406517028808594,
            "2": 0.0014262199401855469,
            "3": 0.0037517547607421875,
            "4": 0.006225109100341797,
            "5": 0.010801076889038086,
            "6": 0.015370845794677734,
            "7": 0.023473739624023438,
            "8": 0.029860973358154297,
            "9": 0.048766136169433594
        }
    },
    "2": {
        "time": 6.688589811325073,
        "time-solving": 4.314643383026123,
        "time-grounding": 2.1735410690307617,
        "timeout": 0,
        "size": 18,
        "domain_size": 18,
        "per-domain-grounding": {
            "0": 0.0014379024505615234,
            "2": 0.00598907470703125,
            "3": 0.01062774658203125,
            "4": 0.016593217849731445,
            "5": 0.02385997772216797,
            "6": 0.031761884689331055,
            "7": 0.042968034744262695,
            "8": 0.05524611473083496,
            "9": 0.06832504272460938,
            "10": 0.08660626411437988,
            "11": 0.11064910888671875,
            "12": 0.15001821517944336,
            "13": 0.1728360652923584,
            "14": 0.20365285873413086,
            "15": 0.23955392837524414,
            "16": 0.27680015563964844,
            "17": 0.3192446231842041,
            "18": 0.3533589839935303
        },
        "per-domain-solving": {
            "2": 0.00138092041015625,
            "3": 0.00304412841796875,
            "4": 0.006505489349365234,
            "5": 0.01059722900390625,
            "6": 0.01764988899230957,
            "7": 0.022574186325073242,
            "8": 0.03090214729309082,
            "9": 0.04233527183532715,
            "10": 0.07507181167602539,
            "11": 0.09533071517944336,
            "12": 0.133774995803833,
            "13": 0.17502617835998535,
            "14": 0.28656911849975586,
            "15": 0.6205277442932129,
            "16": 0.9143421649932861,
            "17": 1.606909990310669,
            "18": 0.27210140228271484
        }
    },
    "3": {
        "time": 120.0,
        "time-solving": 18.051358938217163,
        "time-grounding": 2.97585129737854,
        "timeout": 1,
        "size": 0,
        "domain_size": 20,
        "per-domain-grounding": {
            "0": 0.0014672279357910156,
            "3": 0.009457111358642578,
            "4": 0.01587200164794922,
            "5": 0.02311396598815918,
            "6": 0.03459310531616211,
            "7": 0.04921388626098633,
            "8": 0.05732417106628418,
            "9": 0.07082080841064453,
            "10": 0.08997702598571777,
            "11": 0.10299420356750488,
            "12": 0.15107178688049316,
            "13": 0.1686091423034668,
            "14": 0.19830608367919922,
            "15": 0.231827974319458,
            "16": 0.28165698051452637,
            "17": 0.31580686569213867,
            "18": 0.3414289951324463,
            "19": 0.3869459629058838,
            "20": 0.43404698371887207
        },
        "per-domain-solving": {
            "3": 0.0035789012908935547,
            "4": 0.00600886344909668,
            "5": 0.010005712509155273,
            "6": 0.02048206329345703,
            "7": 0.03277897834777832,
            "8": 0.041931867599487305,
            "9": 0.04729628562927246,
            "10": 0.06897592544555664,
            "11": 0.09659481048583984,
            "12": 0.1155238151550293,
            "13": 0.1663370132446289,
            "14": 0.2239229679107666,
            "15": 0.273195743560791,
            "16": 0.5521590709686279,
            "17": 1.2094447612762451,
            "18": 3.356289863586426,
            "19": 11.512393236160278,
            "20": 0.314439058303833
        }
    },
    "4": {
        "time": 120.0,
        "time-solving": 36.488099575042725,
        "time-grounding": 3.6719982624053955,
        "timeout": 1,
        "size": 0,
        "domain_size": 21,
        "per-domain-grounding": {
            "0": 0.0014581680297851562,
            "4": 0.015597105026245117,
            "5": 0.024999141693115234,
            "6": 0.03601193428039551,
            "7": 0.04877209663391113,
            "8": 0.06311798095703125,
            "9": 0.07623887062072754,
            "10": 0.09049105644226074,
            "11": 0.11831188201904297,
            "12": 0.15321588516235352,
            "13": 0.18233299255371094,
            "14": 0.2201840877532959,
            "15": 0.2557549476623535,
            "16": 0.30596399307250977,
            "17": 0.3265848159790039,
            "18": 0.365847110748291,
            "19": 0.3711111545562744,
            "20": 0.4779660701751709,
            "21": 0.5154919624328613
        },
        "per-domain-solving": {
            "4": 0.008445978164672852,
            "5": 0.013129949569702148,
            "6": 0.021873950958251953,
            "7": 0.03283119201660156,
            "8": 0.04571104049682617,
            "9": 0.054678916931152344,
            "10": 0.06658315658569336,
            "11": 0.08479189872741699,
            "12": 0.11862421035766602,
            "13": 0.15027928352355957,
            "14": 0.18066787719726562,
            "15": 0.29684925079345703,
            "16": 0.38082313537597656,
            "17": 0.7425172328948975,
            "18": 1.5259106159210205,
            "19": 5.907503366470337,
            "20": 26.490129709243774,
            "21": 0.3667488098144531
        }
    },
    "5": {
        "time": 120.0,
        "time-solving": 44.60329794883728,
        "time-grounding": 4.329436779022217,
        "timeout": 1,
        "size": 0,
        "domain_size": 22,
        "per-domain-grounding": {
            "0": 0.0015578269958496094,
            "5": 0.022783994674682617,
            "6": 0.034091949462890625,
            "7": 0.04894709587097168,
            "8": 0.058424949645996094,
            "9": 0.07670903205871582,
            "10": 0.09505820274353027,
            "11": 0.11855196952819824,
            "12": 0.16064000129699707,
            "13": 0.18316435813903809,
            "14": 0.22467684745788574,
            "15": 0.2518179416656494,
            "16": 0.29978322982788086,
            "17": 0.33713603019714355,
            "18": 0.3557882308959961,
            "19": 0.4184410572052002,
            "20": 0.43901491165161133,
            "21": 0.5565700531005859,
            "22": 0.6067230701446533
        },
        "per-domain-solving": {
            "5": 0.017926692962646484,
            "6": 0.021343708038330078,
            "7": 0.03695797920227051,
            "8": 0.03699302673339844,
            "9": 0.0538480281829834,
            "10": 0.07884693145751953,
            "11": 0.094573974609375,
            "12": 0.1201169490814209,
            "13": 0.16637086868286133,
            "14": 0.2118849754333496,
            "15": 0.23979902267456055,
            "16": 0.3391752243041992,
            "17": 0.42730093002319336,
            "18": 0.9800338745117188,
            "19": 1.207625150680542,
            "20": 6.327092170715332,
            "21": 33.740875244140625,
            "22": 0.5025331974029541
        }
    },
    "6": {
        "time": 120.0,
        "time-solving": 61.49363303184509,
        "time-grounding": 5.187362909317017,
        "timeout": 1,
        "size": 0,
        "domain_size": 23,