{
    "8": {
        "time": 0.7303105195363363,
        "time-solving": 0.2163854440053304,
        "time-grounding": 0.4512202739715576,
        "size": 21,
        "domain_size": 32,
        "per-domain-grounding": {
            "0": 0.0009799798329671223,
            "32": 0.03511126836140951
        },
        "per-domain-solving": {
            "32": 0.04225468635559082
        }
    },
    "9": {
        "time": 1.061937967936198,
        "time-solving": 0.38095490137736004,
        "time-grounding": 0.615859587987264,
        "size": 28,
        "domain_size": 36,
        "per-domain-grounding": {
            "0": 0.0009630521138509115,
            "36": 0.045516570409139
        },
        "per-domain-solving": {
            "36": 0.12047330538431804
        }
    },
    "10": {
        "time": 1.4177613258361816,
        "time-solving": 0.5121252536773682,
        "time-grounding": 0.829504648844401,
        "size": 25,
        "domain_size": 40,
        "per-domain-grounding": {
            "0": 0.0009819666544596355,
            "40": 0.05629126230875651
        },
        "per-domain-solving": {
            "40": 0.14935199419657388
        }
    }
}