{
    "18": {
        "time": 0.17904178301493326,
        "time-solving": 0.0,
        "time-grounding": 0.11955444018046062,
        "size": 0,
        "domain_size": 18,
        "per-domain-grounding": {
            "0": 0.0009617805480957031,
            "18": 0.013762474060058594
        },
        "per-domain-solving": {}
    },
    "20": {
        "time": 0.22327725092569986,
        "time-solving": 0.0,
        "time-grounding": 0.14711968104044595,
        "size": 0,
        "domain_size": 20,
        "per-domain-grounding": {
            "0": 0.0009833176930745442,
            "20": 0.015259981155395508
        },
        "per-domain-solving": {}
    },
    "22": {
        "time": 0.26292260487874347,
        "time-solving": 0.0,
        "time-grounding": 0.17799274126688638,
        "size": 0,
        "domain_size": 22,
        "per-domain-grounding": {
            "0": 0.0009796619415283203,
            "22": 0.018639326095581055
        },
        "per-domain-solving": {}
    },
    "24": {
        "time": 0.32207441329956055,
        "time-solving": 0.0,
        "time-grounding": 0.21822555859883627,
        "size": 0,
        "domain_size": 24,
        "per-domain-grounding": {
            "0": 0.0009410381317138672,
            "24": 0.02099291483561198
        },
        "per-domain-solving": {}
    }
}