{
    "50": {
        "time": 4.4164719581604,
        "time-solving": 2.6004559993743896,
        "time-grounding": 1.7670786380767822,
        "timeout": 0,
        "size": 2,
        "domain_size": 2,
        "per-domain-grounding": {
            "0": 0.001561880111694336,
            "1": 0.9734048843383789,
            "2": 0.792111873626709
        },
        "per-domain-solving": {
            "1": 1.124526023864746,
            "2": 1.4759299755096436
        }
    },
    "60": {
        "time": 4.676581144332886,
        "time-solving": 2.7377612590789795,
        "time-grounding": 1.8896994590759277,
        "timeout": 0,
        "size": 2,
        "domain_size": 2,
        "per-domain-grounding": {
            "0": 0.001615285873413086,
            "1": 1.0971450805664062,
            "2": 0.7909390926361084
        },
        "per-domain-solving": {
            "1": 1.228930950164795,
            "2": 1.5088303089141846
        }
    },
    "70": {
        "time": 51.975589990615845,
        "time-solving": 40.529869079589844,
        "time-grounding": 10.270506143569946,
        "timeout": 0,
        "size": 12,
        "domain_size": 12,
        "per-domain-grounding": {
            "0": 0.0014350414276123047,
            "1": 0.9623842239379883,
            "2": 0.794914722442627,
            "3": 0.7769432067871094,
            "4": 0.7671010494232178,
            "5": 0.7795529365539551,
            "6": 0.8012490272521973,
            "7": 0.8628909587860107,
            "8": 0.8931879997253418,
            "9": 0.8395388126373291,
            "10": 0.974851131439209,
            "11": 0.931272029876709,
            "12": 0.8851850032806396
        },
        "per-domain-solving": {
            "1": 1.2180237770080566,
            "2": 1.5891647338867188,
            "3": 1.7451286315917969,
            "4": 1.9315118789672852,
            "5": 2.3335771560668945,
            "6": 2.4555089473724365,
            "7": 3.8568332195281982,
            "8": 3.7793281078338623,
            "9": 3.802971839904785,
            "10": 4.929571866989136,
            "11": 6.766848087310791,
            "12": 6.121400833129883
        }
    }
}