{
    "13": {
        "time": 0.24058755238850912,
        "time-solving": 0.0014516512552897136,
        "time-grounding": 0.18261480331420898,
        "per-domain-grounding": {
            "0": 0.0041353702545166016,
            "31": 0.005571285883585612
        },
        "per-domain-solving": {
            "31": 4.839897155761719e-05
        }
    },
    "14": {
        "time": 0.2268535296122233,
        "time-solving": 0.0006317297617594401,
        "time-grounding": 0.18598182996114096,
        "per-domain-grounding": {
            "0": 0.002862691879272461,
            "33": 0.00557700792948405
        },
        "per-domain-solving": {
            "33": 2.9087066650390625e-05
        }
    },
    "15": {
        "time": 0.24273125330607095,
        "time-solving": 0.0006362597147623698,
        "time-grounding": 0.1995527744293213,
        "per-domain-grounding": {
            "0": 0.002902428309122721,
            "35": 0.005490461985270183
        },
        "per-domain-solving": {
            "35": 2.8053919474283855e-05
        }
    },
    "16": {
        "time": 0.24685001373291016,
        "time-solving": 0.0006395181020100912,
        "time-grounding": 0.20371699333190918,
        "per-domain-grounding": {
            "0": 0.0027639071146647134,
            "37": 0.005266507466634114
        },
        "per-domain-solving": {
            "37": 2.8133392333984375e-05
        }
    },
    "17": {
        "time": 0.25835029284159344,
        "time-solving": 0.0007282098134358724,
        "time-grounding": 0.2138646443684896,
        "per-domain-grounding": {
            "0": 0.0027055740356445312,
            "39": 0.005579312642415364
        },
        "per-domain-solving": {
            "39": 2.765655517578125e-05
        }
    },
    "18": {
        "time": 0.2726565996805827,
        "time-solving": 0.0007797876993815104,
        "time-grounding": 0.22557918230692545,
        "per-domain-grounding": {
            "0": 0.002752542495727539,
            "41": 0.0055319468180338545
        },
        "per-domain-solving": {
            "41": 2.8769175211588543e-05
        }
    }
}