{
    "8": {
        "time": 4.658616065979004,
        "time-solving": 2.1631174087524414,
        "time-grounding": 2.269973119099935,
        "size": 21,
        "domain_size": 21,
        "per-domain-grounding": {
            "0": 0.0012302398681640625,
            "8": 0.031198819478352863,
            "9": 0.04900876681009928,
            "10": 0.06073625882466634,
            "11": 0.07504701614379883,
            "14": 0.10942570368448894,
            "15": 0.15807350476582846,
            "16": 0.1829531987508138,
            "17": 0.20602973302205405,
            "18": 0.23465935389200845,
            "19": 0.26370398203531903,
            "20": 0.30045167605082196,
            "21": 0.32736865679423016
        },
        "per-domain-solving": {
            "8": 0.033289591471354164,
            "9": 0.028481721878051758,
            "10": 0.040131727854410805,
            "11": 0.05409677823384603,
            "14": 0.12209328015645345,
            "15": 0.11366931597391765,
            "16": 0.14542253812154135,
            "17": 0.1710193951924642,
            "18": 0.21121843655904135,
            "19": 0.25404151280721027,
            "20": 0.3583509127298991,
            "21": 0.6313021977742513
        }
    },
    "9": {
        "time": 9.468551317850748,
        "time-solving": 5.979088306427002,
        "time-grounding": 3.1767537593841553,
        "size": 23,
        "domain_size": 23,
        "per-domain-grounding": {
            "0": 0.0012444655100504558,
            "9": 0.043477932612101235,
            "10": 0.06197214126586914,
            "11": 0.07570028305053711,
            "12": 0.09002931912740071,
            "15": 0.14107155799865723,
            "16": 0.18915375073750815,
            "17": 0.20921730995178223,
            "18": 0.2424945831298828,
            "19": 0.2632622718811035,
            "20": 0.301547368367513,
            "21": 0.33068060874938965,
            "22": 0.4011994202931722,
            "23": 0.4474552472432454
        },
        "per-domain-solving": {
            "9": 0.0471182664235433,
            "10": 0.03810596466064453,
            "11": 0.051283041636149086,
            "12": 0.0701295534769694,
            "15": 0.17043511072794595,
            "16": 0.14569791158040366,
            "17": 0.17674978574117026,
            "18": 0.2046190102895101,
            "19": 0.2611982822418213,
            "20": 0.30571309725443524,
            "21": 0.3924689292907715,
            "22": 0.6388065020243326,
            "23": 3.476762851079305
        }
    },
    "10": {
        "time": 38.022959073384605,
        "time-solving": 33.556392113367714,
        "time-grounding": 4.055145502090454,
        "size": 25,
        "domain_size": 25,
        "per-domain-grounding": {
            "0": 0.0012693405151367188,
            "10": 0.05102292696634928,
            "11": 0.07438572247823079,
            "12": 0.08816790580749512,
            "13": 0.12025109926859538,
            "16": 0.15090076128641763,
            "17": 0.21035003662109375,
            "18": 0.23800007502237955,
            "19": 0.27395137151082355,
            "20": 0.30551306406656903,
            "21": 0.33494289716084796,
            "22": 0.37457434336344403,
            "23": 0.4369672139485677,
            "24": 0.457974910736084,
            "25": 0.5066169102986654
        },
        "per-domain-solving": {
            "10": 0.06004993120829264,
            "11": 0.045981645584106445,
            "12": 0.06180000305175781,
            "13": 0.08104864756266277,
            "16": 0.17894951502482095,
            "17": 0.1569677193959554,
            "18": 0.19122068087259927,
            "19": 0.23524093627929688,
            "20": 0.30064670244852704,
            "21": 0.35418701171875,
            "22": 0.46383968989054364,
            "23": 0.6320609251658121,
            "24": 3.456234931945801,
            "25": 27.338163773218792
        }
    }
}