{
    "8": {
        "time": 8.21058209737142,
        "time-solving": 5.438536961873372,
        "time-grounding": 2.51965594291687,
        "size": 21,
        "domain_size": 21,
        "per-domain-grounding": {
            "0": 0.001279274622599284,
            "8": 0.03183436393737793,
            "9": 0.049651384353637695,
            "10": 0.06359585126241048,
            "11": 0.07838598887125652,
            "12": 0.10679372151692708,
            "13": 0.1334060033162435,
            "14": 0.1479374567667643,
            "15": 0.167190949122111,
            "16": 0.2062059243520101,
            "17": 0.24370431900024414,
            "18": 0.24166099230448404,
            "19": 0.26876306533813477,
            "20": 0.30432701110839844,
            "21": 0.382568359375
        },
        "per-domain-solving": {
            "8": 0.031575282414754234,
            "9": 0.027779658635457356,
            "10": 0.04009397824605306,
            "11": 0.05535531044006348,
            "12": 0.07666269938151042,
            "13": 0.10575230916341145,
            "14": 0.12925481796264648,
            "15": 0.16582242647806802,
            "16": 0.23409287134806314,
            "17": 0.3525448640187581,
            "18": 0.49489736557006836,
            "19": 0.9737476507822672,
            "20": 2.3733625411987305,
            "21": 0.3775951862335205
        }
    },
    "9": {
        "time": 15.308348576227823,
        "time-solving": 11.709909359614054,
        "time-grounding": 3.260164260864258,
        "size": 23,
        "domain_size": 23,
        "per-domain-grounding": {
            "0": 0.001308759053548177,
            "9": 0.04354564348856608,
            "10": 0.06104135513305664,
            "11": 0.0758822758992513,
            "12": 0.08905092875162761,
            "13": 0.12766234079996744,
            "14": 0.14805960655212402,
            "15": 0.16748960812886557,
            "16": 0.18979525566101074,
            "17": 0.22200425465901694,
            "18": 0.24486859639485678,
            "19": 0.26888759930928546,
            "20": 0.3049356937408447,
            "21": 0.3477907180786133,
            "22": 0.425201416015625,
            "23": 0.4207620620727539
        },
        "per-domain-solving": {
            "9": 0.04263472557067871,
            "10": 0.034487406412760414,
            "11": 0.047556797663370766,
            "12": 0.06629101435343425,
            "13": 0.089202880859375,
            "14": 0.1163933277130127,
            "15": 0.19864400227864584,
            "16": 0.4156472682952881,
            "17": 0.9797792434692383,
            "18": 0.41436974207560223,
            "19": 0.46323227882385254,
            "20": 1.0546173254648845,
            "21": 1.8734293778737385,
            "22": 5.459478378295898,
            "23": 0.4541455904642741
        }
    },
    "10": {
        "time": 57.68682909011841,
        "time-solving": 53.04411029815674,
        "time-grounding": 4.240020593007405,
        "size": 25,
        "domain_size": 25,
        "per-domain-grounding": {
            "0": 0.0012363592783610027,
            "10": 0.05381035804748535,
            "11": 0.07717053095499675,
            "12": 0.09188127517700195,
            "13": 0.128003199895223,
            "14": 0.1471095085144043,
            "15": 0.17000222206115723,
            "16": 0.19185733795166016,
            "17": 0.21675944328308105,
            "18": 0.24518275260925293,
            "19": 0.27318962415059406,
            "20": 0.3067003885904948,
            "21": 0.34624330202738446,
            "22": 0.3905613422393799,
            "23": 0.41721097628275555,
            "24": 0.48723340034484863,
            "25": 0.531196117401123
        },
        "per-domain-solving": {
            "10": 0.05835882822672526,
            "11": 0.04323267936706543,
            "12": 0.05987119674682617,
            "13": 0.07849526405334473,
            "14": 0.10361369450887044,
            "15": 0.13121469815572104,
            "16": 0.1652543544769287,
            "17": 0.21263718605041504,
            "18": 0.2645687262217204,
            "19": 0.40184569358825684,
            "20": 0.5660273234049479,
            "21": 0.9557278156280518,
            "22": 2.2183589935302734,
            "23": 7.26932160059611,
            "24": 39.82600704828898,
            "25": 0.6895751953125
        }
    }
}