{
    "12": {
        "time": 0.4334820508956909,
        "time-solving": 0.0,
        "time-grounding": 0.16358399391174316,
        "per-domain-grounding": {
            "0": 0.004091978073120117,
            "12": 0.020923495292663574
        },
        "per-domain-solving": {}
    },
    "13": {
        "time": 0.4667789936065674,
        "time-solving": 0.0,
        "time-grounding": 0.17956852912902832,
        "per-domain-grounding": {
            "0": 0.0034623146057128906,
            "13": 0.022318482398986816
        },
        "per-domain-solving": {}
    },
    "14": {
        "time": 0.597930908203125,
        "time-solving": 0.0,
        "time-grounding": 0.23686087131500244,
        "per-domain-grounding": {
            "0": 0.003408074378967285,
            "14": 0.023134589195251465
        },
        "per-domain-solving": {}
    },
    "15": {
        "time": 0.6405261754989624,
        "time-solving": 0.0,
        "time-grounding": 0.22998416423797607,
        "per-domain-grounding": {
            "0": 0.0032445192337036133,
            "15": 0.024918437004089355
        },
        "per-domain-solving": {}
    },
    "16": {
        "time": 0.749975323677063,
        "time-solving": 0.0,
        "time-grounding": 0.25882279872894287,
        "per-domain-grounding": {
            "0": 0.0034074783325195312,
            "16": 0.027658939361572266
        },
        "per-domain-solving": {}
    }
}