{
    "50": {
        "time": 0.09218406677246094,
        "time-solving": 0.05071687698364258,
        "time-grounding": 0.008370161056518555,
        "timeout": 0,
        "size": 2,
        "domain_size": 2,
        "per-domain-grounding": {
            "0": 0.0013959407806396484,
            "1": 0.003100156784057617,
            "2": 0.0033011436462402344
        },
        "per-domain-solving": {
            "1": 0.019450902938842773,
            "2": 0.031265974044799805
        }
    },
    "60": {
        "time": 0.08789896965026855,
        "time-solving": 0.04751849174499512,
        "time-grounding": 0.008415699005126953,
        "timeout": 0,
        "size": 2,
        "domain_size": 2,
        "per-domain-grounding": {
            "0": 0.0013973712921142578,
            "1": 0.003271341323852539,
            "2": 0.0031838417053222656
        },
        "per-domain-solving": {
            "1": 0.018929719924926758,
            "2": 0.02858877182006836
        }
    },
    "70": {
        "time": 3.067436933517456,
        "time-solving": 2.9053003787994385,
        "time-grounding": 0.11883234977722168,
        "timeout": 0,
        "size": 12,
        "domain_size": 12,
        "per-domain-grounding": {
            "0": 0.0014383792877197266,
            "1": 0.0032930374145507812,
            "2": 0.0035660266876220703,
            "3": 0.0037698745727539062,
            "4": 0.004076957702636719,
            "5": 0.005075931549072266,
            "6": 0.006273031234741211,
            "7": 0.007313966751098633,
            "8": 0.009022951126098633,
            "9": 0.012049198150634766,
            "10": 0.01580500602722168,
            "11": 0.02028203010559082,
            "12": 0.02631402015686035
        },
        "per-domain-solving": {
            "1": 0.019203662872314453,
            "2": 0.02847576141357422,
            "3": 0.03970456123352051,
            "4": 0.05615115165710449,
            "5": 0.07788610458374023,
            "6": 0.1158289909362793,
            "7": 0.16212797164916992,
            "8": 0.23054242134094238,
            "9": 0.3214762210845947,
            "10": 0.4534740447998047,
            "11": 0.5914597511291504,
            "12": 0.8089697360992432
        }
    }
}