{
    "50": {
        "time": 0.09385490417480469,
        "time-solving": 0.052388906478881836,
        "time-grounding": 0.008590221405029297,
        "timeout": 0,
        "size": 2,
        "domain_size": 2,
        "per-domain-grounding": {
            "0": 0.0014431476593017578,
            "1": 0.003353118896484375,
            "2": 0.003793954849243164
        },
        "per-domain-solving": {
            "1": 0.021788835525512695,
            "2": 0.03060007095336914
        }
    },
    "60": {
        "time": 0.09384393692016602,
        "time-solving": 0.05237436294555664,
        "time-grounding": 0.009102582931518555,
        "timeout": 0,
        "size": 2,
        "domain_size": 2,
        "per-domain-grounding": {
            "0": 0.0014998912811279297,
            "1": 0.0034186840057373047,
            "2": 0.00418400764465332
        },
        "per-domain-solving": {
            "1": 0.02151012420654297,
            "2": 0.030864238739013672
        }
    },
    "70": {
        "time": 3.287775993347168,
        "time-solving": 3.086655855178833,
        "time-grounding": 0.15523195266723633,
        "timeout": 0,
        "size": 12,
        "domain_size": 12,
        "per-domain-grounding": {
            "0": 0.0015730857849121094,
            "1": 0.003631114959716797,
            "2": 0.004127979278564453,
            "3": 0.0048999786376953125,
            "4": 0.0053288936614990234,
            "5": 0.006294965744018555,
            "6": 0.008025884628295898,
            "7": 0.00980687141418457,
            "8": 0.012806177139282227,
            "9": 0.01634979248046875,
            "10": 0.021179914474487305,
            "11": 0.026777267456054688,
            "12": 0.03443002700805664
        },
        "per-domain-solving": {
            "1": 0.021705150604248047,
            "2": 0.029078245162963867,
            "3": 0.04251909255981445,
            "4": 0.06173396110534668,
            "5": 0.09004926681518555,
            "6": 0.12477278709411621,
            "7": 0.17845535278320312,
            "8": 0.2525179386138916,
            "9": 0.3368368148803711,
            "10": 0.4773421287536621,
            "11": 0.6223909854888916,
            "12": 0.8492541313171387
        }
    }
}