{
    "50": {
        "time": 6.697797775268555,
        "time-solving": 4.686715841293335,
        "time-grounding": 1.963027000427246,
        "timeout": 0,
        "size": 2,
        "domain_size": 2,
        "per-domain-grounding": {
            "0": 0.0014510154724121094,
            "1": 1.0568618774414062,
            "2": 0.9047141075134277
        },
        "per-domain-solving": {
            "1": 2.269326686859131,
            "2": 2.417389154434204
        }
    },
    "60": {
        "time": 6.769914865493774,
        "time-solving": 4.863148927688599,
        "time-grounding": 1.8602261543273926,
        "timeout": 0,
        "size": 2,
        "domain_size": 2,
        "per-domain-grounding": {
            "0": 0.001371145248413086,
            "1": 1.0366520881652832,
            "2": 0.8222029209136963
        },
        "per-domain-solving": {
            "1": 2.461164951324463,
            "2": 2.4019839763641357
        }
    },
    "70": {
        "time": 69.92614912986755,
        "time-solving": 57.82051467895508,
        "time-grounding": 10.654544353485107,
        "timeout": 0,
        "size": 12,
        "domain_size": 12,
        "per-domain-grounding": {
            "0": 0.0014061927795410156,
            "1": 0.9682838916778564,
            "2": 0.8977162837982178,
            "3": 0.766319990158081,
            "4": 0.8645939826965332,
            "5": 0.8205676078796387,
            "6": 0.8084619045257568,
            "7": 0.8553049564361572,
            "8": 0.8424859046936035,
            "9": 0.9298639297485352,
            "10": 0.9487528800964355,
            "11": 0.955333948135376,
            "12": 0.995452880859375
        },
        "per-domain-solving": {
            "1": 2.375150203704834,
            "2": 2.458893060684204,
            "3": 2.578239917755127,
            "4": 2.7916908264160156,
            "5": 3.1989402770996094,
            "6": 3.900750160217285,
            "7": 4.327945947647095,
            "8": 5.614637851715088,
            "9": 5.856853723526001,
            "10": 7.662552118301392,
            "11": 9.164716958999634,
            "12": 7.890143632888794
        }
    }
}