{
    "50": {
        "time": 4.602136135101318,
        "time-solving": 2.6384081840515137,
        "time-grounding": 1.9111900329589844,
        "timeout": 0,
        "size": 2,
        "domain_size": 2,
        "per-domain-grounding": {
            "0": 0.0016372203826904297,
            "1": 0.9840497970581055,
            "2": 0.9255030155181885
        },
        "per-domain-solving": {
            "1": 1.1757481098175049,
            "2": 1.4626600742340088
        }
    },
    "60": {
        "time": 4.503230094909668,
        "time-solving": 2.6648995876312256,
        "time-grounding": 1.7915852069854736,
        "timeout": 0,
        "size": 2,
        "domain_size": 2,
        "per-domain-grounding": {
            "0": 0.0015192031860351562,
            "1": 0.9433691501617432,
            "2": 0.8466968536376953
        },
        "per-domain-solving": {
            "1": 1.207711935043335,
            "2": 1.4571876525878906
        }
    },
    "70": {
        "time": 47.499096155166626,
        "time-solving": 36.40035820007324,
        "time-grounding": 10.093684196472168,
        "timeout": 0,
        "size": 12,
        "domain_size": 12,
        "per-domain-grounding": {
            "0": 0.0016071796417236328,
            "1": 0.9314279556274414,
            "2": 0.8077640533447266,
            "3": 0.7933142185211182,
            "4": 0.8190779685974121,
            "5": 0.7988851070404053,
            "6": 0.8068747520446777,
            "7": 0.7752001285552979,
            "8": 0.8112339973449707,
            "9": 0.8435540199279785,
            "10": 0.9026908874511719,
            "11": 0.9086489677429199,
            "12": 0.8934049606323242
        },
        "per-domain-solving": {
            "1": 1.1512260437011719,
            "2": 1.6058671474456787,
            "3": 1.81571626663208,
            "4": 1.9113080501556396,
            "5": 2.1929211616516113,
            "6": 2.6033246517181396,
            "7": 2.869192123413086,
            "8": 3.208763837814331,
            "9": 3.685750961303711,
            "10": 4.202003002166748,
            "11": 5.697768211364746,
            "12": 5.456516742706299
        }
    }
}