{
    "8": {
        "time": 3.3899706999460855,
        "time-solving": 2.0873576005299888,
        "time-grounding": 1.1064332326253254,
        "per-domain-grounding": {
            "0": 0.004670302073160808,
            "8": 0.03345298767089844,
            "9": 0.030697981516520183,
            "10": 0.03513932228088379,
            "11": 0.041737635930379234,
            "12": 0.04649130503336588,
            "13": 0.05117591222127279,
            "14": 0.06076526641845703,
            "15": 0.06830430030822754,
            "16": 0.07986911137898763,
            "17": 0.08357000350952148,
            "18": 0.09115370114644368,
            "19": 0.11400206883748372,
            "20": 0.12210798263549805,
            "21": 0.12239670753479004
        },
        "per-domain-solving": {
            "8": 0.0006780624389648438,
            "9": 0.001415570576985677,
            "10": 0.0018706321716308594,
            "11": 0.002077182133992513,
            "12": 0.0025827884674072266,
            "13": 0.005465507507324219,
            "14": 0.007274309794108073,
            "15": 0.011643727620442709,
            "16": 0.02092909812927246,
            "17": 0.03918131192525228,
            "18": 0.1298640569051107,
            "19": 0.3207406997680664,
            "20": 0.8642189502716064,
            "21": 0.04337175687154134
        }
    },
    "9": {
        "time": 7.975407361984253,
        "time-solving": 6.4525086879730225,
        "time-grounding": 1.319031794865926,
        "per-domain-grounding": {
            "0": 0.004171053568522136,
            "9": 0.03074018160502116,
            "10": 0.03458698590596517,
            "11": 0.04027557373046875,
            "12": 0.04553937911987305,
            "13": 0.053012847900390625,
            "14": 0.0612176259358724,
            "15": 0.06600650151570638,
            "16": 0.07343443234761556,
            "17": 0.08148058255513509,
            "18": 0.09116665522257487,
            "19": 0.10808769861857097,
            "20": 0.10708109537760417,
            "21": 0.12000600496927898,
            "22": 0.12198662757873535,
            "23": 0.13947931925455728
        },
        "per-domain-solving": {
            "9": 0.0013988812764485676,
            "10": 0.002017974853515625,
            "11": 0.0021263758341471353,
            "12": 0.003006537755330404,
            "13": 0.0034935474395751953,
            "14": 0.006154219309488933,
            "15": 0.008675177892049154,
            "16": 0.012534459431966146,
            "17": 0.020119984944661457,
            "18": 0.05283602078755697,
            "19": 0.10725212097167969,
            "20": 0.2582583427429199,
            "21": 0.8033924102783203,
            "22": 4.327476580937703,
            "23": 0.030266682306925457
        }
    },
    "10": {
        "time": 58.85056598981222,
        "time-solving": 56.96600071589152,
        "time-grounding": 1.6278497378031414,
        "per-domain-grounding": {
            "0": 0.0048016707102457685,
            "10": 0.03423762321472168,
            "11": 0.034647623697916664,
            "12": 0.03882368405659994,
            "13": 0.044108947118123375,
            "14": 0.05017932256062826,
            "15": 0.06166696548461914,
            "16": 0.06815878550211589,
            "17": 0.07651956876118977,
            "18": 0.10252467791239421,
            "19": 0.09511876106262207,
            "20": 0.10499453544616699,
            "21": 0.14243435859680176,
            "22": 0.14509995778401694,
            "23": 0.13850871721903482,
            "24": 0.15534257888793945,
            "25": 0.16183050473531088
        },
        "per-domain-solving": {
            "10": 0.0013592243194580078,
            "11": 0.0016949176788330078,
            "12": 0.0022520224253336587,
            "13": 0.003356377283732096,
            "14": 0.0037209192911783853,
            "15": 0.0066814422607421875,
            "16": 0.010466416676839193,
            "17": 0.01357126235961914,
            "18": 0.025817235310872395,
            "19": 0.04229601224263509,
            "20": 0.1464086373647054,
            "21": 0.36889060338338214,
            "22": 1.0733216603597004,
            "23": 3.9689033031463623,
            "24": 50.239412705103554,
            "25": 0.01579912503560384
        }
    }
}