{
    "12": {
        "time": 0.36978308359781903,
        "time-solving": 0.0,
        "time-grounding": 0.23340646425882974,
        "per-domain-grounding": {
            "0": 0.003792365392049154,
            "12": 0.03596973419189453
        },
        "per-domain-solving": {}
    },
    "13": {
        "time": 0.4190196990966797,
        "time-solving": 0.0,
        "time-grounding": 0.2638641993204753,
        "per-domain-grounding": {
            "0": 0.0037010510762532554,
            "13": 0.03775978088378906
        },
        "per-domain-solving": {}
    },
    "14": {
        "time": 0.4929190476735433,
        "time-solving": 0.0,
        "time-grounding": 0.3126317660013835,
        "per-domain-grounding": {
            "0": 0.003976345062255859,
            "14": 0.04760297139485677
        },
        "per-domain-solving": {}
    },
    "15": {
        "time": 0.5709633827209473,
        "time-solving": 0.0,
        "time-grounding": 0.36461806297302246,
        "per-domain-grounding": {
            "0": 0.0036489168802897134,
            "15": 0.05128598213195801
        },
        "per-domain-solving": {}
    },
    "16": {
        "time": 0.6867496172587076,
        "time-solving": 0.0,
        "time-grounding": 0.42442774772644043,
        "per-domain-grounding": {
            "0": 0.0036841233571370444,
            "16": 0.05719637870788574
        },
        "per-domain-solving": {}
    }
}