{
    "13": {
        "time": 0.6972906589508057,
        "time-solving": 0.08980051676432292,
        "time-grounding": 0.5539500713348389,
        "per-domain-grounding": {
            "0": 0.0032553672790527344,
            "31": 0.04513239860534668
        },
        "per-domain-solving": {
            "31": 0.0021082560221354165
        }
    },
    "14": {
        "time": 0.7625656922658285,
        "time-solving": 0.1048738161722819,
        "time-grounding": 0.6155274709065756,
        "per-domain-grounding": {
            "0": 0.003549814224243164,
            "33": 0.0497140089670817
        },
        "per-domain-solving": {
            "33": 0.0025337537129720054
        }
    },
    "15": {
        "time": 0.9600023428599039,
        "time-solving": 0.12043205897013347,
        "time-grounding": 0.7876532077789307,
        "per-domain-grounding": {
            "0": 0.003660996754964193,
            "35": 0.05168374379475912
        },
        "per-domain-solving": {
            "35": 0.0025490125020345054
        }
    },
    "16": {
        "time": 0.9383827050526937,
        "time-solving": 0.1276857058207194,
        "time-grounding": 0.7660502592722574,
        "per-domain-grounding": {
            "0": 0.003269751866658529,
            "37": 0.05522934595743815
        },
        "per-domain-solving": {
            "37": 0.002666632334391276
        }
    },
    "17": {
        "time": 1.037099281946818,
        "time-solving": 0.14936542510986328,
        "time-grounding": 0.8403364817301432,
        "per-domain-grounding": {
            "0": 0.0034226576487223306,
            "39": 0.05832505226135254
        },
        "per-domain-solving": {
            "39": 0.003271023432413737
        }
    },
    "18": {
        "time": 1.2130146821339924,
        "time-solving": 0.165024995803833,
        "time-grounding": 0.9958484172821045,
        "per-domain-grounding": {
            "0": 0.004318952560424805,
            "41": 0.06997068723042806
        },
        "per-domain-solving": {
            "41": 0.004781643549601237
        }
    }
}