{
    "8": {
        "time": 0.6184130509694418,
        "time-solving": 0.39701302846272785,
        "time-grounding": 0.18374363581339517,
        "size": 21,
        "domain_size": 21,
        "per-domain-grounding": {
            "0": 0.0011893113454182942,
            "8": 0.005161285400390625,
            "9": 0.005815347035725911,
            "10": 0.007046858469645183,
            "11": 0.0076189835866292315,
            "12": 0.008334159851074219,
            "13": 0.009113232294718424,
            "14": 0.010089715321858725,
            "15": 0.011247634887695312,
            "16": 0.012378215789794922,
            "17": 0.013734896977742514,
            "18": 0.014792919158935547,
            "19": 0.0163118839263916,
            "20": 0.018021027247111004,
            "21": 0.019416968027750652
        },
        "per-domain-solving": {
            "8": 0.00020035107930501303,
            "9": 0.00022935867309570312,
            "10": 0.0002964337666829427,
            "11": 0.0003539721171061198,
            "12": 0.0004342397054036458,
            "13": 0.0008587042490641276,
            "14": 0.0013066927591959636,
            "15": 0.0017507870992024739,
            "16": 0.004095315933227539,
            "17": 0.011640151341756185,
            "18": 0.02224874496459961,
            "19": 0.08141970634460449,
            "20": 0.16968631744384766,
            "21": 0.0066950321197509766
        }
    },
    "9": {
        "time": 1.7962406476338704,
        "time-solving": 1.5225191911061604,
        "time-grounding": 0.225787083307902,
        "size": 23,
        "domain_size": 23,
        "per-domain-grounding": {
            "0": 0.000953515370686849,
            "9": 0.005882660547892253,
            "10": 0.006509939829508464,
            "11": 0.007303396860758464,
            "12": 0.008263429005940756,
            "13": 0.008931954701741537,
            "14": 0.009842634201049805,
            "15": 0.011070966720581055,
            "16": 0.012097994486490885,
            "17": 0.013230403264363607,
            "18": 0.014677921930948893,
            "19": 0.015909592310587566,
            "20": 0.017991145451863606,
            "21": 0.01950685183207194,
            "22": 0.021621147791544598,
            "23": 0.02344544728597005
        },
        "per-domain-solving": {
            "9": 0.00023174285888671875,
            "10": 0.0002849896748860677,
            "11": 0.0003573894500732422,
            "12": 0.0004448890686035156,
            "13": 0.0005369981129964193,
            "14": 0.0010082721710205078,
            "15": 0.0014971097310384114,
            "16": 0.001970052719116211,
            "17": 0.00351866086324056,
            "18": 0.008082151412963867,
            "19": 0.023768186569213867,
            "20": 0.07265448570251465,
            "21": 0.2328199545542399,
            "22": 1.046599308649699,
            "23": 0.004416624704996745
        }
    },
    "10": {
        "time": 10.271779537200928,
        "time-solving": 9.946832021077475,
        "time-grounding": 0.27473878860473633,
        "size": 25,
        "domain_size": 25,
        "per-domain-grounding": {
            "0": 0.0010109742482503254,
            "10": 0.0064423878987630205,
            "11": 0.007385094960530599,
            "12": 0.00820461908976237,
            "13": 0.009005308151245117,
            "14": 0.009939273198445639,
            "15": 0.011027892430623373,
            "16": 0.012293020884195963,
            "17": 0.013307650883992514,
            "18": 0.01444085439046224,
            "19": 0.015862385431925457,
            "20": 0.01746257146199544,
            "21": 0.019003947575887043,
            "22": 0.02102518081665039,
            "23": 0.022798458735148113,
            "24": 0.024688323338826496,
            "25": 0.026233196258544922
        },
        "per-domain-solving": {
            "10": 0.0002910296122233073,
            "11": 0.0003502368927001953,
            "12": 0.00044838587443033856,
            "13": 0.0005207856496175131,
            "14": 0.0006380875905354818,
            "15": 0.001290718714396159,
            "16": 0.0016723473866780598,
            "17": 0.0023860931396484375,
            "18": 0.004450082778930664,
            "19": 0.012399037679036459,
            "20": 0.02336398760477702,
            "21": 0.07230623563130696,
            "22": 0.25945552190144855,
            "23": 0.924012819925944,
            "24": 8.468090136845907,
            "25": 0.013550281524658203
        }
    },
    "11": {
        "time": 199.74926328659058,
        "time-solving": 199.33196441332498,
        "time-grounding": 0.3505709966023763,
        "size": 27,
        "domain_size": 27,
        "per-domain-grounding": {
            "0": 0.001012245814005534,
            "11": 0.007780551910400391,
            "12": 0.008722543716430664,
            "13": 0.009704033533732096,
            "14": 0.010833263397216797,
            "15": 0.011999209721883139,
            "16": 0.013405323028564453,
            "17": 0.014893054962158203,
            "18": 0.01570892333984375,
            "19": 0.01697373390197754,
            "20": 0.018549362818400066,
            "21": 0.02038685480753581,
            "22": 0.021589199701944988,
            "23": 0.023384968439737957,
            "24": 0.025630950927734375,
            "25": 0.027434666951497395,
            "26": 0.028835296630859375,
            "27": 0.030785401662190754
        },
        "per-domain-solving": {
            "11": 0.00035874048868815106,
            "12": 0.0004959901173909506,
            "13": 0.0005346139272054037,
            "14": 0.0007376670837402344,
            "15": 0.0007977485656738281,
            "16": 0.0014736652374267578,
            "17": 0.0019119580586751301,
            "18": 0.0028613408406575522,
            "19": 0.004584471384684245,
            "20": 0.008520841598510742,
            "21": 0.024552186330159504,
            "22": 0.08047525087992351,
            "23": 0.2618093490600586,
            "24": 1.0251646041870117,
            "25": 12.478099664052328,
            "26": 185.2025547027588,
            "27": 0.0105439821879069
        }
    }
}