{
    "8": {
        "time": 1.8989749749501545,
        "time-solving": 1.2741472721099854,
        "time-grounding": 0.4928880532582601,
        "per-domain-grounding": {
            "0": 0.004237731297810872,
            "8": 0.017330090204874676,
            "9": 0.018100976943969727,
            "10": 0.019194364547729492,
            "11": 0.021807352701822918,
            "12": 0.021947145462036133,
            "13": 0.02752685546875,
            "14": 0.027703285217285156,
            "15": 0.0283352533976237,
            "16": 0.033637046813964844,
            "17": 0.0341500441233317,
            "18": 0.035686651865641274,
            "19": 0.0378262996673584,
            "20": 0.04076035817464193,
            "21": 0.04407231012980143
        },
        "per-domain-solving": {
            "8": 0.00034173329671223957,
            "9": 0.00045108795166015625,
            "10": 0.0005242824554443359,
            "11": 0.0008006890614827474,
            "12": 0.0008704662322998047,
            "13": 0.0018763542175292969,
            "14": 0.03488008181254069,
            "15": 0.00791152318318685,
            "16": 0.017000436782836914,
            "17": 0.019622325897216797,
            "18": 0.048412720362345375,
            "19": 0.16956369082132974,
            "20": 0.8016040325164795,
            "21": 0.02336605389912923
        }
    },
    "9": {
        "time": 4.16082763671875,
        "time-solving": 3.438290278116862,
        "time-grounding": 0.5899798075358073,
        "per-domain-grounding": {
            "0": 0.003655592600504557,
            "9": 0.019295692443847656,
            "10": 0.01901896794637044,
            "11": 0.020947058995564777,
            "12": 0.02309592564900716,
            "13": 0.024285236994425457,
            "14": 0.027266979217529297,
            "15": 0.02855396270751953,
            "16": 0.030388514200846355,
            "17": 0.03443026542663574,
            "18": 0.036185661951700844,
            "19": 0.03970106442769369,
            "20": 0.0407413641611735,
            "21": 0.0429986317952474,
            "22": 0.04748455683390299,
            "23": 0.05050841967264811
        },
        "per-domain-solving": {
            "9": 0.0004010200500488281,
            "10": 0.0005226929982503256,
            "11": 0.0006340344746907552,
            "12": 0.0007847150166829427,
            "13": 0.0009380181630452474,
            "14": 0.0023346741994222007,
            "15": 0.04372851053873698,
            "16": 0.006817817687988281,
            "17": 0.009349584579467773,
            "18": 0.024607419967651367,
            "19": 0.059607346852620445,
            "20": 0.10244059562683105,
            "21": 0.681440273920695,
            "22": 2.3066938718159995,
            "23": 0.0198209285736084
        }
    },
    "10": {
        "time": 45.32790096600851,
        "time-solving": 44.42717742919922,
        "time-grounding": 0.7454461256663004,
        "per-domain-grounding": {
            "0": 0.0037120978037516275,
            "10": 0.026129961013793945,
            "11": 0.02182594935099284,
            "12": 0.024429162343343098,
            "13": 0.029641071955362957,
            "14": 0.03165539105733236,
            "15": 0.031161069869995117,
            "16": 0.0328063170115153,
            "17": 0.03712797164916992,
            "18": 0.03830250104268392,
            "19": 0.042947848637898765,
            "20": 0.047088066736857094,
            "21": 0.047045230865478516,
            "22": 0.053595940272013344,
            "23": 0.048105319341023765,
            "24": 0.05242792765299479,
            "25": 0.05498274167378744
        },
        "per-domain-solving": {
            "10": 0.0005477269490559896,
            "11": 0.0007356802622477213,
            "12": 0.0009049574534098307,
            "13": 0.0008910497029622396,
            "14": 0.0011182626088460286,
            "15": 0.002111673355102539,
            "16": 0.050277392069498696,
            "17": 0.00750430425008138,
            "18": 0.0716710885365804,
            "19": 0.03312238057454427,
            "20": 0.14592758814493814,
            "21": 0.13800811767578125,
            "22": 1.0011415481567383,
            "23": 1.8778385321299236,
            "24": 40.7975640296936,
            "25": 0.036655584971110024
        }
    }
}