{
    "8": {
        "time": 1.526011069615682,
        "time-solving": 0.9744486808776855,
        "time-grounding": 0.45435667037963867,
        "per-domain-grounding": {
            "0": 0.003422339757283529,
            "8": 0.014540831247965494,
            "9": 0.01683664321899414,
            "10": 0.01804359753926595,
            "11": 0.019481341044108074,
            "12": 0.023217121760050457,
            "13": 0.022824684778849285,
            "14": 0.02495423952738444,
            "15": 0.026372989018758137,
            "16": 0.0299680233001709,
            "17": 0.031256675720214844,
            "18": 0.033713976542154946,
            "19": 0.035207668940226235,
            "20": 0.03925013542175293,
            "21": 0.04170473416646322
        },
        "per-domain-solving": {
            "8": 0.0003256797790527344,
            "9": 0.00040729840596516925,
            "10": 0.0004900296529134115,
            "11": 0.000743707021077474,
            "12": 0.0008031527201334635,
            "13": 0.0016576449076334636,
            "14": 0.03636797269185384,
            "15": 0.008609612782796225,
            "16": 0.00779271125793457,
            "17": 0.027856985727945965,
            "18": 0.053539435068766274,
            "19": 0.15943614641825357,
            "20": 0.44940535227457684,
            "21": 0.08629306157430013
        }
    },
    "9": {
        "time": 6.173486550649007,
        "time-solving": 5.518299341201782,
        "time-grounding": 0.527142604192098,
        "per-domain-grounding": {
            "0": 0.0034530162811279297,
            "9": 0.015625,
            "10": 0.017468055089314777,
            "11": 0.019045114517211914,
            "12": 0.020684162775675457,
            "13": 0.02229460080464681,
            "14": 0.023871421813964844,
            "15": 0.026128609975179035,
            "16": 0.027607202529907227,
            "17": 0.029516061147054035,
            "18": 0.032338460286458336,
            "19": 0.034554243087768555,
            "20": 0.038245598475138344,
            "21": 0.03957374890645345,
            "22": 0.04405808448791504,
            "23": 0.04728531837463379
        },
        "per-domain-solving": {
            "9": 0.0004134972890218099,
            "10": 0.0005982716878255209,
            "11": 0.0005926291147867838,
            "12": 0.0007323424021402994,
            "13": 0.0008461475372314453,
            "14": 0.0018102327982584636,
            "15": 0.03765479723612467,
            "16": 0.26694536209106445,
            "17": 0.5101843674977621,
            "18": 0.03217045466105143,
            "19": 0.062105417251586914,
            "20": 0.549463669459025,
            "21": 0.6334660053253174,
            "22": 3.195879856745402,
            "23": 0.04097604751586914
        }
    },
    "10": {
        "time": 72.26026924451192,
        "time-solving": 71.43979954719543,
        "time-grounding": 0.6944772402445475,
        "per-domain-grounding": {
            "0": 0.0037113825480143228,
            "10": 0.017578681310017902,
            "11": 0.019918044408162434,
            "12": 0.02151203155517578,
            "13": 0.02353811264038086,
            "14": 0.025195598602294922,
            "15": 0.03260262807210287,
            "16": 0.030173858006795246,
            "17": 0.030916293462117512,
            "18": 0.033999999364217125,
            "19": 0.03481785456339518,
            "20": 0.07265671094258626,
            "21": 0.044927120208740234,
            "22": 0.04668362935384115,
            "23": 0.04847367604573568,
            "24": 0.049883524576822914,
            "25": 0.05221239725748698
        },
        "per-domain-solving": {
            "10": 0.00048732757568359375,
            "11": 0.0006155967712402344,
            "12": 0.0007063547770182291,
            "13": 0.0009272893269856771,
            "14": 0.0017770131429036458,
            "15": 0.0020984013875325522,
            "16": 0.048184712727864586,
            "17": 0.007064660390218099,
            "18": 0.06914401054382324,
            "19": 0.03063368797302246,
            "20": 0.07994405428568523,
            "21": 0.21962904930114746,
            "22": 0.9744207859039307,
            "23": 2.914907534917196,
            "24": 66.81715710957845,
            "25": 0.025946776072184246
        }
    }
}