{
    "20": {
        "time": 1.2199738025665283,
        "time-solving": 0.0,
        "time-grounding": 0.42868709564208984,
        "size": 0,
        "domain_size": 31,
        "per-domain-grounding": {
            "0": 0.0009944438934326172,
            "31": 0.03304243087768555
        },
        "per-domain-solving": {}
    },
    "22": {
        "time": 1.8088776270548503,
        "time-solving": 0.0,
        "time-grounding": 0.5993258953094482,
        "size": 0,
        "domain_size": 35,
        "per-domain-grounding": {
            "0": 0.0009930928548177083,
            "35": 0.04501676559448242
        },
        "per-domain-solving": {}
    },
    "24": {
        "time": 2.7163169384002686,
        "time-solving": 0.0,
        "time-grounding": 0.8050944805145264,
        "size": 0,
        "domain_size": 39,
        "per-domain-grounding": {
            "0": 0.0009773572285970051,
            "39": 0.05490334828694662
        },
        "per-domain-solving": {}
    },
    "25": {
        "time": 3.223069429397583,
        "time-solving": 0.0,
        "time-grounding": 0.9229867458343506,
        "size": 0,
        "domain_size": 41,
        "per-domain-grounding": {
            "0": 0.0009853045145670574,
            "41": 0.061521053314208984
        },
        "per-domain-solving": {}
    },
    "26": {
        "time": 4.31530221303304,
        "time-solving": 0.0,
        "time-grounding": 1.0632296403249104,
        "size": 0,
        "domain_size": 43,
        "per-domain-grounding": {
            "0": 0.0009660720825195312,
            "43": 0.06891608238220215
        },
        "per-domain-solving": {}
    }
}