{
    "13": {
        "time": 1.669187068939209,
        "time-solving": 0.47830573717753094,
        "time-grounding": 1.085396369298299,
        "per-domain-grounding": {
            "0": 0.0036590099334716797,
            "31": 0.07095114390055339
        },
        "per-domain-solving": {
            "31": 0.2872586250305176
        }
    },
    "14": {
        "time": 1.5505748589833577,
        "time-solving": 0.3883680502573649,
        "time-grounding": 1.0608423550923665,
        "per-domain-grounding": {
            "0": 0.004034121831258138,
            "33": 0.07002425193786621
        },
        "per-domain-solving": {
            "33": 0.1752785841623942
        }
    },
    "15": {
        "time": 2.0565479596455893,
        "time-solving": 0.6047790050506592,
        "time-grounding": 1.354254961013794,
        "per-domain-grounding": {
            "0": 0.0038335323333740234,
            "35": 0.0814651648203532
        },
        "per-domain-solving": {
            "35": 0.318595012029012
        }
    },
    "16": {
        "time": 2.5716121196746826,
        "time-solving": 0.8129111131032308,
        "time-grounding": 1.6515686511993408,
        "per-domain-grounding": {
            "0": 0.003901878992716471,
            "37": 0.1258713404337565
        },
        "per-domain-solving": {
            "37": 0.42928393681844074
        }
    },
    "17": {
        "time": 2.87809165318807,
        "time-solving": 0.828838586807251,
        "time-grounding": 1.8862608273824055,
        "per-domain-grounding": {
            "0": 0.0038057963053385415,
            "39": 0.1069176197052002
        },
        "per-domain-solving": {
            "39": 0.4583549499511719
        }
    },
    "18": {
        "time": 4.010101318359375,
        "time-solving": 1.7560799916585286,
        "time-grounding": 2.099188963572184,
        "per-domain-grounding": {
            "0": 0.004205465316772461,
            "41": 0.1222230593363444
        },
        "per-domain-solving": {
            "41": 1.33399494489034
        }
    }
}